page,index,date,time,species,plant,sample,bag,pump,end,equil,pumping,flrs,buds,pump_id,vwc,scribe,temp_F,notes,sample_id,rundate,tube,file_id,filename
1,1,2022-07-25,D,ten,6,,9:27,9:57,10:12,0:30,0:15,1,0,CWU1,,AA,,,ten6_D_220725,,,ten6_D_220725,NEXP1_ten6_D_220725_8162022_05.qgd
1,2,2022-07-25,D,ten,4,,9:29,9:59,10:14,0:30,0:15,1,0,JMP2,,AA,,,ten4_D_220725,816,16,816T16,NEXP1_816T16_D_220725_8162022_16.qgd
1,3,2022-07-25,D,agg,17,,9:31,10:01,10:16,0:30,0:15,1,0,JMP1,,AA,,,agg17_D_220725,,,agg17_D_220725,NEXP1_agg17_D_220725_8162022_04.qgd
1,4,2022-07-25,D,agg,20,,9:32,10:02,10:17,0:30,0:15,1,0,JMP3,,AA,,,agg20_D_220725,816,11,816T11,NEXP1_816T11_D_220725_8162022_11.qgd
1,5,2022-07-25,D,agg,6,,9:50,10:20,10:35,0:30,0:15,1,2,CWU1,,AA,,,agg6_D_220725,816,1,816T1,NEXP1_816T1_D_220725_8162022_01.qgd
1,6,2022-07-25,D,ten,9,,9:51,10:21,10:36,0:30,0:15,1,0,JMP2,,AA,,,ten9_D_220725,816,13,816T13,NEXP1_816T13_D_220725_8162022_13.qgd
1,7,2022-07-25,D,ten,16,,9:52,10:23,10:38,0:31,0:15,1,0,JMP1,,AA,,,ten16_D_220725,816,15,816T15,NEXP1_816T15_D_220725_8162022_15.qgd
1,8,2022-07-25,D,ten,6,2,9:54,10:24,10:39,0:30,0:15,1,0,JMP3,,AA,,SCENT TRAP TOUCHED FLOWER,ten6n2_D_220725,816,12,816T12,NEXP1_816T12_D_220725_8162022_12.qgd
1,9,2022-07-25,D,ten,4,2,10:11,10:42,10:57,0:31,0:15,1,0,CWU1,,AA,,FLOWER FELL OFF (STILL IN BAG) DURING PUMPING,ten4n2_D_220725,816,10,816T10,NEXP1_816T10_D_220725_8162022_10.qgd
1,10,2022-07-25,D,agg,17,2,10:13,10:43,10:58,0:30,0:15,1,0,JMP2,,AA,,"JP: in rentry, above two notes are shifted down one row. OK, checked original.",agg17n2_D_220725,915,8,915T8,NEXP1_915T8_9152022_08.qgd
1,11,2022-07-25,D,agg,20,2,10:15,10:45,11:00,0:30,0:15,1,0,JMP1,,AA,,,agg20n2_D_220725,816,20,816T20,NEXP1_816T20_D_220725_8162022_20.qgd
1,12,2022-07-25,D,agg,6,2,10:26,10:56,11:11,0:30,0:15,1,0,JMP3,,AA,,,agg6n2_D_220725,816,7,816T7,NEXP1_816T7_D_220725_8162022_07.qgd
1,13,2022-07-25,D,ten,9,2,10:30,11:00,11:15,0:30,0:15,1,0,CWU1,,AA,,,ten9n2_D_220725,816,6,816T6,NEXP1_816T6_D_220725_8162022_06.qgd
1,14,2022-07-25,D,ten,16,2,10:34,11:04,11:19,0:30,0:15,1,1,JMP1,,AA,,,ten16n2_D_220725,816,9,816T9,NEXP1_816T9_D_220725_8162022_09.qgd
1,15,2022-07-25,D,AMB,AA,,10:55,11:25,11:40,0:30,0:15,,0,JMP2,,AA,,,AMBAA_D_220725,816,2,816T2,NEXP1_816T2_D_220725_8162022_02.qgd
1,16,2022-07-25,D,ten,15,,11:07,11:37,11:52,0:30,0:15,1,0,JMP3,,AA,,,ten15_D_220725,915,9,915T9,NEXP1_915T9redoagain_9162022_09.qgd
1,17,2022-07-25,D,ten,15,2,11:08,11:38,11:53,0:30,0:15,1,0,CWU1,,AA,,PUMP REALLY LOUD SOUNDING,ten15n2_D_220725,,,ten15n2_D_220725,NEXP1_ten15n2_D_220725_8162022_06.qgd
2,18,2022-07-25,D,agg,16,,9:23,9:55,10:09,0:32,0:14,1,0,DRC5,,JB,,TRAP TOUCHED GLOVE,agg16_D_220725,,,agg16_D_220725,NEXP1_agg16_D_220725_8142022_21.qgd
2,19,2022-07-25,D,agg,13,,9:24,9:59,10:14,0:35,0:15,1,2,DRC10,,JB,,,agg13_D_220725,,,agg13_D_220725,NEXP1_agg13_D_220725_8142022_22.qgd
2,20,2022-07-25,D,ten,10,,9:26,9:59,10:14,0:33,0:15,1,0,DRC4,,JB,,,ten10_D_220725,,,ten10_D_220725,NEXP1_ten10_D_220725_8142022_23.qgd
2,21,2022-07-25,D,agg,13,2,9:46,10:16,10:31,0:30,0:15,1,2,DRC10,,JB,,,agg13n2_D_220725,,,agg13n2_D_220725,NEXP1_agg13n2_D_220725_8142022_24.qgd
2,22,2022-07-25,D,agg,16,2,9:48,10:19,10:33,0:31,0:14,1,1,DRC5,,JB,,,agg16n2_D_220725,,,agg16n2_D_220725,NEXP1_agg16n2_D_220725_8142022_25.qgd
2,23,2022-07-25,D,ten,10,2,9:49,10:19,10:34,0:30,0:15,1,0,DRC4,,JB,,,ten10n2_D_220725,,,ten10n2_D_220725,NEXP1_ten10n2_D_220725_8142022_26.qgd
2,24,2022-07-25,D,agg,14,DRC10,10:05,10:35,10:50,0:30,0:15,1,0,DRC10,,JB,,JP: added pumpid to sample to disambiguate,agg14nDRC10_D_220725,,,agg14nDRC10_D_220725,NEXP1_agg14_D_220725_8142022_27.qgd
2,25,2022-07-25,D,agg,14,2DRC4,10:10,10:42,10:57,0:32,0:15,1,1,DRC4,,JB,,JP: added pumpid to sample to disambiguate,agg14n2DRC4_D_220725,,,agg14n2DRC4_D_220725,NEXP1_agg14n2_D_220725_8142022_28.qgd
2,26,2022-07-25,D,agg,1,,10:23,10:55,11:08,0:32,0:13,1,0,DRC5,,JB,,,agg1_D_220725,,,agg1_D_220725,NEXP1_agg1_D_220725_8142022_29.qgd
2,27,2022-07-25,D,agg,1,2,10:40,11:10,11:26,0:30,0:16,1,0,DRC5,,JB,,,agg1n2_D_220725,,,agg1n2_D_220725,NEXP1_agg1n2_D_220725_8142022_30.qgd
2,28,2022-07-25,D,ten,18,,10:53,11:23,11:38,0:30,0:15,1,0,DRC10,,JB,,,ten18_D_220725,,,ten18_D_220725,NEXP1_ten18_D_220725_8152022_01.qgd
2,29,2022-07-25,D,ten,13,,10:56,11:27,11:42,0:31,0:15,1,0,DRC4,,JB,,TRAP FELL OUT OF BAG WHILE PUMPING. JP: changed end 11:43>11:42 (reentry),ten13_D_220725,,,ten13_D_220725,NEXP1_ten13_D_220725_8152022_02.qgd
2,30,2022-07-25,D,ten,18,2,11:03,11:35,11:51,0:32,0:16,1,,DRC10,,JB,,DEAD FLOWER. JP: pump DRC!>DRC10 (reentry),ten18n2_D_220725,,,ten18n2_D_220725,NEXP1_ten18n2_D_220725_8152022_03.qgd
2,31,2022-07-25,D,ten,13,2,11:05,11:37,11:53,0:32,0:16,1,,DRC5,,JB,,DEAD FLOWER,ten13n2_D_220725,,,ten13n2_D_220725,NEXP1_ten13n2_D_220725_8152022_04.qgd
3,32,2022-07-25,D,ten,12,,9:22,9:52,10:07,0:30,0:15,1,0,DRC9,,JK,,,ten12_D_220725,,,ten12_D_220725,NEXP1_ten12n1_D_220725_8162022_09.qgd
3,33,2022-07-25,D,ten,11,,9:25,9:55,10:10,0:30,0:15,1,0,DRC7,,JK,,,ten11_D_220725,,,ten11_D_220725,#N/A
3,34,2022-07-25,D,agg,2,,9:26,9:56,10:11,0:30,0:15,1,0,DRC3,,JK,,JP: kept bag as 9:26 (not 9:20 reentry),agg2_D_220725,,,agg2_D_220725,NEXP1_agg2n1_D_220725_8162022_10.qgd
3,35,2022-07-25,D,ten,2,,9:41,10:11,10:26,0:30,0:15,1,0,DRC9,,JK,,TRAP DROPPED ON FLOOR (reentry),ten2_D_220725,,,ten2_D_220725,#N/A
3,36,2022-07-25,D,agg,14,DRC7,9:45,10:15,10:31,0:30,0:16,1,0,DRC7,,JK,,JP: added pumpid to sample to disambiguate,agg14nDRC7_D_220725,,,agg14nDRC7_D_220725,NEXP1_agg14n1_D_220725_8152022_08.qgd
3,37,2022-07-25,D,agg,7,,9:47,10:17,10:32,0:30,0:15,1,2,DRC3,,JK,,,agg7_D_220725,,,agg7_D_220725,NEXP1_agg7n1_D_220725_8152022_07.qgd
3,38,2022-07-25,D,ten,12,2,10:02,10:51,11:06,0:49,0:15,1,0,DRC7,,JK,,"JP: sample > 2 (reentry + dupe), pump kept as 10:51 (10:31 in reentry), end 11:26>11:06 (reentry). checked datasheet.",ten12n2_D_220725,,,ten12n2_D_220725,#N/A
3,39,2022-07-25,D,agg,2,2,10:03,10:34,10:49,0:31,0:15,1,2,DRC9,,JK,,,agg2n2_D_220725,,,agg2n2_D_220725,NEXP1_agg2n2_D_220725_8152022_06.qgd
3,40,2022-07-25,D,ten,11,2,10:04,10:37,10:52,0:33,0:15,1,1,DRC3,,JK,,TIP TOUCHED GLOVE (reentry),ten11n2_D_220725,,,ten11n2_D_220725,NEXP1_ten11n2_D_220725_8162022_15.qgd
3,41,2022-07-25,D,ten,2,2bag1023,10:23,11:08,11:23,0:45,0:15,1,0,DRC9,,JK,,"JP: reentry pump_id=DRC4, kept as DRC9. JP: added bag to sample to disambiguate",ten2n2bag1023_D_220725,,,ten2n2bag1023_D_220725,#N/A
3,42,2022-07-25,D,agg,14,2DRC7,10:40,11:10,11:25,0:30,0:15,1,0,DRC7,,JK,,JP: added pumpid to sample to disambiguate,agg14n2DRC7_D_220725,,,agg14n2DRC7_D_220725,#N/A
3,43,2022-07-25,D,agg,7,2,10:42,11:12,11:27,0:30,0:15,1,1,DRC3,,JK,,,agg7n2_D_220725,,,agg7n2_D_220725,NEXP1_agg7n2_D_220725_8152022_05.qgd
3,44,2022-07-25,D,ten,2,2bag1047,10:47,11:28,11:43,0:41,0:15,1,1,DRC9,,JK,,"JP: reentry pump_id=DRC4, kept as DRC9. JP: added bag to sample to disambiguate",ten2n2bag1047_D_220725,,,ten2n2bag1047_D_220725,#N/A
4,45,2022-07-25,D,agg,3,,9:22,9:52,10:07,0:30,0:15,1,0,CWU2,,DH,,,agg3_D_220725,,,agg3_D_220725,NEXP1_agg3n1_D_220725_8232022_07.qgd
4,46,2022-07-25,D,ten,8,,9:24,9:54,10:09,0:30,0:15,1,0,DRC8,,DH,,"FLOWER PULLED OFF TOWARDS END OF PUMPING. JP: reentry end = 10:04, kept as is",ten8_D_220725,,,ten8_D_220725,NEXP1_ten8n1_D_220725_8232022_08.qgd
4,47,2022-07-25,D,agg,11,,9:25,9:55,10:10,0:30,0:15,1,0,DRC1,,DH,,,agg11_D_220725,,,agg11_D_220725,#N/A
4,48,2022-07-25,D,agg,4,,10:00,10:30,10:45,0:30,0:15,1,0,DRC8,,DH,,,agg4_D_220725,,,agg4_D_220725,NEXP1_agg4n1_D_220725_8162022_01.qgd
4,49,2022-07-25,D,agg,5,,9:42,10:12,10:27,0:30,0:15,1,0,DRC1,,DH,,,agg5_D_220725,915,7,915T7,NEXP1_915T7_9152022_07.qgd
4,50,2022-07-25,D,agg,3,2,9:45,10:15,10:30,0:30,0:15,1,0,CWU2,,DH,,,agg3n2_D_220725,,,agg3n2_D_220725,NEXP1_agg3n2_D_220725_9142022_02.qgd
4,51,2022-07-25,D,agg,8,2,10:01,10:31,10:46,0:30,0:15,1,0,DRC1,,DH,,,agg8n2_D_220725,,,agg8n2_D_220725,NEXP1_agg8n2_D_220725_8162022_02.qgd
4,52,2022-07-25,D,ten,20,,10:03,10:34,10:49,0:31,0:15,1,0,CWU2,,DH,,,ten20_D_220725,,,ten20_D_220725,NEXP1_ten20n1redo_D_220725_8162022_08.qgd
4,53,2022-07-25,D,ten,19,,10:19,10:49,11:04,0:30,0:15,1,0,DRC8,,DH,,,ten19_D_220725,915,10,915T10,NEXP1_915T10_9152022_10.qgd
4,54,2022-07-25,D,agg,11,2,10:22,10:52,11:07,0:30,0:15,1,0,CWU2,,DH,,,agg11n2_D_220725,,,agg11n2_D_220725,NEXP1_agg11n2_D_220725_8232022_01.qgd
4,55,2022-07-25,D,agg,5,2,10:24,10:55,11:10,0:31,0:15,1,0,DRC1,,DH,,FLOWER NOT SUPER FRESH,agg5n2_D_220725,816,19,816T19,NEXP1_816T19_D_220725_8162022_19.qgd
4,56,2022-07-25,D,agg,4,2,10:40,11:10,11:25,0:30,0:15,1,0,DRC8,,DH,,,agg4n2_D_220725,816,4,816T4,NEXP1_816T4_D_220725_8162022_04.qgd
4,57,2022-07-25,D,ten,20,2,10:41,11:11,11:27,0:30,0:16,1,0,CWU2,,DH,,,ten20n2_D_220725,816,3,816T3,NEXP1_816T3_D_220725_8162022_03.qgd
4,58,2022-07-25,D,ten,19,2,10:42,11:12,11:27,0:30,0:15,1,0,DRC1,,DH,,,ten19n2_D_220725,816,5,816T5,NEXP1_816T5_D_220725_8162022_05.qgd
4,59,2022-07-25,D,AMB,DH,,10:54,11:24,11:39,0:30,0:15,,,DRC8,,DH,,,AMBDH_D_220725,,,AMBDH_D_220725,NEXP1_AMBDHredo_D_220725_8162022_17.qgd
5,60,2022-07-25,N,agg,13,,20:01,20:31,20:46,0:30,0:15,1,0,DRC7,18.5,DH,,,agg13_N_220725,,,agg13_N_220725,NEXP1_agg13n1_N_220725_8122022_12.qgd
5,61,2022-07-25,N,agg,14,,20:03,20:34,20:49,0:31,0:15,1,0,CWU2,26.1,DH,,FLOWER PULLED OFF WHEN PUMP STARTED,agg14_N_220725,,,agg14_N_220725,NEXP1_agg14n1_N_220725_8122022_16.qgd
5,62,2022-07-25,N,agg,11,,20:04,20:33,20:48,0:29,0:15,1,0,CWU1,18.3,DH,,PUMP LOUD,agg11_N_220725,,,agg11_N_220725,NEXP1_agg11n1_N_220725_8122022_14.qgd
5,63,2022-07-25,N,agg,16,,20:18,20:48,21:03,0:30,0:15,1,0,DRC7,20.9,DH,,TRAP FELL OUT DURING PUMPING,agg16_N_220725,,,agg16_N_220725,NEXP1_agg16n1_N_220725_8122022_04.qgd
5,64,2022-07-25,N,agg,5,,20:20,20:50,21:05,0:30,0:15,1,0,CWU1,18.7,DH,,FLOWER FELL OFF DURING PUMPING,agg5_N_220725,,,agg5_N_220725,NEXP1_agg5n1_N_220725_8122022_05.qgd
5,65,2022-07-25,N,agg,1,,20:21,20:52,21:08,0:31,0:16,1,0,CWU2,21.9,DH,,,agg1_N_220725,,,agg1_N_220725,NEXP1_agg1n1_N_220725_8122022_09.qgd
5,66,2022-07-25,N,agg,13,2,20:24,21:15,21:30,0:51,0:15,1,0,CWU1,,DH,,PUMP STILL LOUD - CWU 1 RECALIBRATED 190 mL/min --> 100 mL/min,agg13n2_N_220725,,,agg13n2_N_220725,NEXP1_agg13n2_N_220725_8142022_19.qgd
5,67,2022-07-25,N,ten,12,,20:54,21:24,21:30,0:30,0:06,1,0,DRC7,16.6,DH,,JP: checked end time on datasheet,ten12_N_220725,,,ten12_N_220725,NEXP1_ten12n1_N_220725_8142022_01.qgd
5,68,2022-07-25,N,AMB,DH,,21:03,21:33,21:48,0:30,0:15,,,CWU1,,DH,,,AMBDH_N_220725,,,AMBDH_N_220725,NEXP1_AMBDH_N_220725_8142022_05.qgd
5,69,2022-07-25,N,agg,1,2,21:12,21:42,21:57,0:30,0:15,1,0,CWU2,,DH,,,agg1n2_N_220725,,,agg1n2_N_220725,NEXP1_agg1n2_N_220725_8142022_07.qgd
5,70,2022-07-25,N,ten,12,2,21:18,21:48,22:03,0:30,0:15,1,0,DRC7,,DH,,,ten12n2_N_220725,,,ten12n2_N_220725,NEXP1_ten12n2_N_220725_8142022_02.qgd
5,71,2022-07-25,N,agg,5,2,21:22,21:52,22:07,0:30,0:15,1,0,CWU1,,DH,,,agg5n2_N_220725,,,agg5n2_N_220725,NEXP1_agg5n2redo_N_220725_8142022_14.qgd
5,72,2022-07-25,N,agg,16,2,21:36,22:06,22:21,0:30,0:15,1,0,CWU2,,DH,,,agg16n2_N_220725,,,agg16n2_N_220725,NEXP1_agg16n2_N_220725_8142022_07.qgd
5,73,2022-07-25,N,agg,11,2,21:37,22:07,22:22,0:30,0:15,1,0,DRC7,,DH,,,agg11n2_N_220725,,,agg11n2_N_220725,NEXP1_agg11n2_N_220725_8142022_09.qgd
5,74,2022-07-25,N,agg,14,2,21:44,22:14,22:29,0:30,0:15,1,0,CWU1,,DH,,,agg14n2_N_220725,,,agg14n2_N_220725,NEXP1_agg14n2_N_220725_8142022_10.qgd
6,75,2022-07-25,N,agg,3,,20:01,20:31,20:46,0:30,0:15,1,0,DRC5,21.4,JK,,,agg3_N_220725,,,agg3_N_220725,NEXP1_agg3n1_N_220725_8122022_03.qgd
6,76,2022-07-25,N,ten,6,,20:02,20:32,20:47,0:30,0:15,1,0,DRC3,16.9,JK,,,ten6_N_220725,,,ten6_N_220725,NEXP1_ten6n1_N_220725_8152022_09.qgd
6,77,2022-07-25,N,ten,10,,20:03,20:33,20:48,0:30,0:15,1,0,DRC10,35.8,JK,,,ten10_N_220725,,,ten10_N_220725,NEXP1_ten10n1_N_220725_8122022_02.qgd
6,78,2022-07-25,N,ten,11,,20:23,20:53,21:08,0:30,0:15,1,0,DRC5,12,JK,,,ten11_N_220725,,,ten11_N_220725,NEXP1_ten11n1_N_220725_8122022_07.qgd
6,79,2022-07-25,N,agg,6,,20:24,20:54,21:09,0:30,0:15,1,0,DRC3,24.3,JK,,,agg6_N_220725,,,agg6_N_220725,NEXP1_agg6n1_N_220725_8122022_06.qgd
6,80,2022-07-25,N,ten,4,,20:25,20:55,21:10,0:30,0:15,1,0,DRC10,14.2,JK,,,ten4_N_220725,,,ten4_N_220725,NEXP1_ten4n1_N_220725_8122022_08.qgd
6,81,2022-07-25,N,agg,3,2,20:56,21:25,21:41,0:29,0:16,1,0,DRC5,21.4,JK,,,agg3n2_N_220725,,,agg3n2_N_220725,NEXP1_agg3n2_N_220725_8142022_03.qgd
6,82,2022-07-25,N,ten,6,2,20:57,21:27,21:42,0:30,0:15,1,0,DRC3,16.9,JK,,,ten6n2_N_220725,,,ten6n2_N_220725,NEXP1_ten6n2_N_220725_8142022_02.qgd
6,83,2022-07-25,N,ten,10,2,20:58,21:28,21:43,0:30,0:15,1,0,DRC10,35.8,JK,,,ten10n2_N_220725,,,ten10n2_N_220725,NEXP1_ten10n2_N_220725_8142022_04.qgd
6,84,2022-07-25,N,ten,11,2,21:21,21:51,22:06,0:30,0:15,1,0,DRC5,17,JK,,,ten11n2_N_220725,,,ten11n2_N_220725,NEXP1_ten11n2redo_N_220725_8142022_13.qgd
6,85,2022-07-25,N,agg,6,NO,21:22,21:51,,0:29,,1,0,,24.3,JK,,FLOWER FELL OFF. JP: added NO to sample to disambiguate,agg6nNO_N_220725,,,agg6nNO_N_220725,NEXP1_agg6n3_N_220725_8152022_10.qgd
6,86,2022-07-25,N,ten,4,2,21:23,21:53,22:08,0:30,0:15,1,0,DRC10,19.2,JK,,,ten4n2_N_220725,,,ten4n2_N_220725,NEXP1_ten4n2_N_220725_8142022_05.qgd
6,87,2022-07-25,N,AMB,JK,,21:36,22:06,22:21,0:30,0:15,0,0,DRC3,,JK,,TRAP UNDER BAG NOT IN BAG,AMBJK_N_220725,,,AMBJK_N_220725,NEXP1_AMBIENT_N_220725_8142022_08.qgd
6,88,2022-07-25,N,agg,6,2,21:48,22:18,22:33,0:30,0:15,1,0,DRC10,24.3,JK,,,agg6n2_N_220725,,,agg6n2_N_220725,NEXP1_agg6n2flowfellnodate_N_220725_8142022_06.qgd
7,89,2022-07-25,N,ten,9,,20:00,20:31,20:46,0:31,0:15,1,0,DRC8,12.7,JB,,TRAP FELL OUT,ten9_N_220725,,,ten9_N_220725,NEXP1_ten9_N_220725_8122022_11.qgd
7,90,2022-07-25,N,agg,2,,20:02,20:32,20:47,0:30,0:15,1,1,DRC4,24,JB,,,agg2_N_220725,,,agg2_N_220725,NEXP1_agg2_N_220725_8122022_13.qgd
7,91,2022-07-25,N,ten,13,,20:03,20:34,20:49,0:31,0:15,1,0,DRC9,12,JB,,,ten13_N_220725,,,ten13_N_220725,NEXP1_ten13redo_N_220725_8132022_01.qgd
7,92,2022-07-25,N,ten,9,2,20:22,20:52,21:07,0:30,0:15,1,0,DRC8,,JB,,,ten9n2_N_220725,,,ten9n2_N_220725,NEXP1_ten9n2_N_220725_8122022_17.qgd
7,93,2022-07-25,N,agg,2,2,20:24,20:54,21:09,0:30,0:15,1,1,DRC4,,JB,,,agg2n2_N_220725,,,agg2n2_N_220725,NEXP1_agg2n2_N_220725_8122022_18.qgd
7,94,2022-07-25,N,ten,13,2,20:25,20:56,21:11,0:31,0:15,1,0,DRC9,,JB,,,ten13n2_N_220725,,,ten13n2_N_220725,NEXP1_ten13n2_N_220725_8122022_19.qgd
7,95,2022-07-25,N,agg,7,,,,,,,,,,,JB,,NO FLOWERS,agg7_N_220725,,,agg7_N_220725,#N/A
7,96,2022-07-25,N,ten,16,,20:41,21:13,21:28,0:32,0:15,1,0,DRC8,18.9,JB,,,ten16_N_220725,,,ten16_N_220725,NEXP1_ten16_N_220725_8122022_20.qgd
7,97,2022-07-25,N,ten,2,,20:43,21:16,21:31,0:33,0:15,1,0,DRC4,13.5,JB,,TRAP FELL ONTO DATA SHEET,ten2_N_220725,,,ten2_N_220725,NEXP1_ten2_N_220725_8122022_21.qgd
7,98,2022-07-25,N,agg,19,,20:45,21:19,21:34,0:34,0:15,1,0,DRC9,25.2,JB,,,agg19_N_220725,,,agg19_N_220725,NEXP1_agg19_N_220725_8122022_22.qgd
7,99,2022-07-25,N,ten,16,2,20:58,21:30,21:45,0:32,0:15,1,0,DRC8,,JB,,,ten16n2_N_220725,,,ten16n2_N_220725,NEXP1_ten16n2_N_220725_8122022_23.qgd
7,100,2022-07-25,N,ten,2,2,21:21,21:51,22:06,0:30,0:15,1,0,DRC4,21.5,JB,,,ten2n2_N_220725,,,ten2n2_N_220725,NEXP1_ten2n2_N_220725_8122022_26.qgd
7,101,2022-07-25,N,agg,19,2,21:02,21:35,22:15,0:33,0:40,1,0,DRC9,,JB,,TRAP FELL OUT OF BAG,agg19n2_N_220725,,,agg19n2_N_220725,NEXP1_agg19n2_N_220725_8122022_29.qgd
7,102,2022-07-25,N,ten,20,,21:23,21:53,22:07,0:30,0:14,1,0,DRC8,23.5,JB,,,ten20_N_220725,,,ten20_N_220725,NEXP1_ten20_N_220725_8122022_27.qgd
7,103,2022-07-25,N,ten,20,2,21:25,21:58,22:12,0:33,0:14,1,0,JMP1,,JB,,,ten20n2_N_220725,,,ten20n2_N_220725,NEXP1_ten20n2_N_220725_8122022_28.qgd
7,104,2022-07-25,N,AMB,JB,,21:36,22:11,22:26,0:35,0:15,,,JMP2,,JB,,,AMBJB_N_220725,,,AMBJB_N_220725,NEXP1_AMB_N_220725_8122022_30.qgd
8,105,2022-07-25,N,ten,8,,20:00,20:30,20:45,0:30,0:15,1,0,DRC1,22.6,AA,,FLOWER AND BAG FELL OFF DURING PUMP,ten8_N_220725,,,ten8_N_220725,NEXP1_ten8_N_220725_8142022_12.qgd
8,106,2022-07-25,N,ten,19,,20:02,20:32,20:47,0:30,0:15,1,0,JMP1,16.4,AA,,,ten19_N_220725,,,ten19_N_220725,NEXP1_ten19_N_220725_8142022_17.qgd
8,107,2022-07-25,N,agg,17,,20:03,20:33,20:48,0:30,0:15,1,0,JMP2,21.9,AA,,,agg17_N_220725,,,agg17_N_220725,NEXP1_agg17_N_220725_8142022_18.qgd
8,108,2022-07-25,N,agg,20,,20:05,20:37,20:52,0:32,0:15,1,0,JMP3,21,AA,,,agg20_N_220725,,,agg20_N_220725,NEXP1_agg20_N_220725_8142022_11.qgd
8,109,2022-07-25,N,agg,4,,20:16,20:46,21:01,0:30,0:15,1,0,DRC1,22.3,AA,,,agg4_N_220725,,,agg4_N_220725,NEXP1_agg4_N_220725_8122022_10.qgd
8,110,2022-07-25,N,ten,15,,20:21,20:51,21:06,0:30,0:15,1,0,JMP1,20.9,AA,,,ten15_N_220725,,,ten15_N_220725,NEXP1_ten15_N_220725_8142022_16.qgd
8,111,2022-07-25,N,ten,18,,20:22,20:53,21:08,0:31,0:15,1,0,JMP2,14,AA,,,ten18_N_220725,,,ten18_N_220725,NEXP1_ten18_N_220725_8142022_20.qgd
8,112,2022-07-25,N,agg,20,2,20:24,20:54,21:09,0:30,0:15,1,0,JMP3,,AA,,,agg20n2_N_220725,,,agg20n2_N_220725,NEXP1_agg20n2_N_220725_8142022_32.qgd
8,113,2022-07-25,N,ten,8,2,20:40,21:10,21:25,0:30,0:15,1,0,DRC1,,AA,,,ten8n2_N_220725,,,ten8n2_N_220725,NEXP1_ten8n2_N_220725_8142022_31.qgd
8,114,2022-07-25,N,ten,19,2,20:44,21:14,21:29,0:30,0:15,1,1,JMP1,,AA,,,ten19n2_N_220725,,,ten19n2_N_220725,NEXP1_ten19n2_N_220725_8142022_15.qgd
8,115,2022-07-25,N,AMB,AA,,20:55,21:25,21:40,0:30,0:15,,,JMP3,,AA,,,AMBAA_N_220725,,,AMBAA_N_220725,NEXP1_AMBAA_N_220725_8142022_08.qgd
8,116,2022-07-25,N,agg,4,2,20:57,21:27,21:42,0:30,0:15,1,0,JMP2,,AA,,SCENT TRAP TOUCHED GLOVE,agg4n2_N_220725,,,agg4n2_N_220725,NEXP1_agg4n2_N_220725_8142022_10.qgd
8,117,2022-07-25,N,agg,17,2,21:00,21:30,21:45,0:30,0:15,1,0,DRC1,,AA,,,agg17n2_N_220725,,,agg17n2_N_220725,NEXP1_agg17n2_N_220725_8142022_01.qgd
8,118,2022-07-25,N,ten,15,2,21:05,21:35,21:50,0:30,0:15,1,1,JMP1,,AA,,,ten15n2_N_220725,,,ten15n2_N_220725,NEXP1_ten15n2_N_220725_8142022_09.qgd
8,119,2022-07-25,N,ten,18,2,21:24,21:54,22:09,0:30,0:15,1,0,JMP3,,AA,,,ten18n2_N_220725,,,ten18n2_N_220725,NEXP1_ten18n2_N_220725_8142022_06.qgd
9,120,2022-08-04,N,agg,20,,20:04,20:34,20:49,0:30,0:15,1,0,DRC1,19.9,AA,,,agg20_N_220804,916b,11,916bT11,NEXP1_916bT11_9162022_11.qgd
9,121,2022-08-04,N,ten,6,,20:06,20:36,20:51,0:30,0:15,1,0,DRC10,21.9,AA,,,ten6_N_220804,916b,12,916bT12,NEXP1_916bT12_9162022_12.qgd
9,122,2022-08-04,N,agg,14,,20:07,20:37,20:52,0:30,0:15,1,0,CWU2,20.4,AA,,,agg14_N_220804,916b,10,916bT10,NEXP1_916bT10_9162022_10.qgd
9,123,2022-08-04,N,ten,18,,20:21,20:52,21:07,0:31,0:15,1,0,DRC1,14.7,AA,,,ten18_N_220804,916b,15,916bT15,NEXP1_916bT15_9162022_15.qgd
9,124,2022-08-04,N,ten,19,,20:25,20:55,21:10,0:30,0:15,1,0,CWU2,12.4,AA,,,ten19_N_220804,,,ten19_N_220804,NEXP1_ten19_N_220804_9172022_05.qgd
9,125,2022-08-04,N,agg,11,,20:26,20:57,21:12,0:31,0:15,1,0,DRC10,27,AA,,,agg11_N_220804,916b,14,916bT14,NEXP1_916bT14_9162022_14.qgd
9,126,2022-08-04,N,agg,17,,20:38,21:08,21:23,0:30,0:15,1,0,DRC1,21.8,AA,,,agg17_N_220804,916b,18,916bT18,NEXP1_916bT18_9162022_18.qgd
9,127,2022-08-04,N,ten,16,,20:41,21:11,21:26,0:30,0:15,1,0,CWU2,15.7,AA,,,ten16_N_220804,916b,26,916bT26,NEXP1_916bT26_9162022_26.qgd
9,128,2022-08-04,N,ten,4,,20:42,21:14,21:29,0:32,0:15,1,0,DRC10,11.6,AA,,JP: corrected bag time (was 20:22),ten4_N_220804,916b,27,916bT27,NEXP1_916bT27_9162022_27.qgd
9,129,2022-08-04,N,AMB,AA,,20:59,21:29,21:44,0:30,0:15,,,DRC1,,AA,,,AMBAA_N_220804,916b,19,916bT19,NEXP1_916bT19_9162022_19.qgd
10,130,2022-08-04,N,agg,3,,20:01,20:32,20:47,0:31,0:15,1,0,DRC5,23.3,JB,,,agg3_N_220804,917b,1,917bT1,NEXP1_817bT1_9172022_01.qgd
10,131,2022-08-04,N,agg,7,,20:02,20:33,20:48,0:31,0:15,1,0,DRC4,25.1,JB,,GLOVE TOUCHED TRAP,agg7_N_220804,,,agg7_N_220804,NEXP1_agg7_N_220804_9162022_11.qgd
10,132,2022-08-04,N,ten,15,,20:03,20:36,20:51,0:33,0:15,1,0,DRC7,18.8,JB,,,ten15_N_220804,916b,1,916bT1,NEXP1_916bT1_9162022_01.qgd
10,133,2022-08-04,N,agg,2,,20:26,20:56,21:11,0:30,0:15,1,1,DRC5,24.7,JB,,,agg2_N_220804,916b,8,916bT8,NEXP1_916bT8_9162022_08.qgd
10,134,2022-08-04,N,agg,12,,20:27,20:57,21:12,0:30,0:15,1,2,DRC4,28.2,JB,,,agg12_N_220804,916b,6,916bT6,NEXP1_916bT6_9162022_06.qgd
10,135,2022-08-04,N,agg,8,,20:28,20:58,21:13,0:30,0:15,1,1,DRC7,16.5,JB,,,agg8_N_220804,916b,7,916bT7,NEXP1_916bT7_9162022_07.qgd
10,136,2022-08-04,N,ten,20,,20:40,21:13,21:28,0:33,0:15,1,0,DRC5,25.6,JB,,,ten20_N_220804,917b,3,917bT3,NEXP1_817bT3_9172022_03.qgd
10,137,2022-08-04,N,ten,1,,20:45,21:16,21:31,0:31,0:15,1,1,DRC4,31.5,JB,,,ten1_N_220804,,,ten1_N_220804,NEXP1_ten1_N_220804_9172022_06.qgd
10,138,2022-08-04,N,ten,5,,20:47,21:17,21:32,0:30,0:15,1,0,DRC7,23,JB,,,ten5_N_220804,,,ten5_N_220804,NEXP1_ten5_N_220804_9172022_07.qgd
10,139,2022-08-04,N,AMB,JB,,20:59,21:31,21:46,0:32,0:15,,,DRC5,,JB,,,AMBJB_N_220804,916b,30,916bT30,NEXP1_916bT30_9162022_30.qgd
11,140,2022-08-04,N,agg,4,,20:08,20:38,20:53,0:30,0:15,1,0,CWU1,12.6,KW,,GLOVE TOUCHED TRAP,agg4_N_220804,916b,2,916bT2,NEXP1_916bT2_9162022_02.qgd
11,141,2022-08-04,N,ten,9,,20:10,20:40,20:55,0:30,0:15,1,0,DRC3,12.1,KW,,,ten9_N_220804,916b,5,916bT5,NEXP1_916bT5_9162022_05.qgd
11,142,2022-08-04,N,agg,19,,20:29,20:59,21:14,0:30,0:15,1,0,CWU1,28.8,KW,,SCENT TRAP END BROKE,agg19_N_220804,916b,17,916bT17,NEXP1_916bT17_9162022_17.qgd
11,143,2022-08-04,N,ten,12,,20:30,21:00,21:15,0:30,0:15,1,0,DRC3,23,KW,,,ten12_N_220804,916b,16,916bT16,NEXP1_916bT16_9162022_16.qgd
11,144,2022-08-04,N,agg,10,,20:47,21:17,21:32,0:30,0:15,1,0,CWU1,20.6,KW,,,agg10_N_220804,,,agg10_N_220804,NEXP1_agg10_N_220804_9172022_03.qgd
11,145,2022-08-04,N,ten,3,,20:50,21:20,21:35,0:30,0:15,1,0,DRC1,11.7,KW,,,ten3_N_220804,,,ten3_N_220804,NEXP1_ten3_N_220804_9172022_02.qgd
11,146,2022-08-04,N,AMB,KW,,21:03,21:33,21:48,0:30,0:15,,,JMP2,,,,,AMBKW_N_220804,,,AMBKW_N_220804,NEXP1_AMBKW_N_220804_9172022_11.qgd
12,147,2022-08-04,N,ten,10,,20:07,20:37,20:52,0:30,0:15,1,0,JMP1,31.1,JP,,,ten10_N_220804,916b,20,916bT20,NEXP1_916bT20_9162022_20.qgd
12,148,2022-08-04,N,agg,6,,20:10,20:40,20:55,0:30,0:15,1,0,JMP2,27.9,JP,,,agg6_N_220804,916b,21,916bT21,NEXP1_916bT21_9162022_21.qgd
12,149,2022-08-04,N,ten,11,,20:11,20:42,20:59,0:31,0:17,1,0,JMP3,11.6,JP,,"SHALLOW SOIL, not deep enough for vwc prboe",ten11_N_220804,916b,22,916bT22,NEXP1_916bT22_9162022_22.qgd
12,150,2022-08-04,N,agg,1,,20:28,20:58,21:13,0:30,0:15,1,0,JMP1,14.9,JP,,,agg1_N_220804,916b,23,916bT23,NEXP1_916bT23_9162022_23.qgd
12,151,2022-08-04,N,agg,16,,20:30,21:01,21:12,0:31,0:11,1,0,JMP2,25.9,JP,,JP: checked end time against datasheet,agg16_N_220804,916b,24,916bT24,NEXP1_916bT24_9162022_24.qgd
12,152,2022-08-04,N,ten,14,,20:32,21:05,21:21,0:33,0:16,1,0,JMP3,19,JP,,JP: corrected pump and end times (1 hr earlier),ten14_N_220804,916b,25,916bT25,NEXP1_916bT25_9162022_25.qgd
12,153,2022-08-04,N,AMB,JP,,20:50,21:20,21:35,0:30,0:15,,,JMP1,,JP,,,AMBJP_N_220804,916b,29,916bT29,NEXP1_916bT29_9162022_29.qgd
13,154,2022-08-04,N,agg,13,,20:03,20:33,20:48,0:30,0:15,1,0,DRC9,21.4,DH,,,agg13_N_220804,916b,4,916bT4,NEXP1_916bT4_9162022_04.qgd
13,155,2022-08-04,N,ten,2,,20:06,20:36,20:51,0:30,0:15,1,0,DRC8,21.3,DH,,,ten2_N_220804,916b,3,916bT3,NEXP1_916bT3_9162022_03.qgd
13,156,2022-08-04,N,ten,8,,20:21,20:51,21:06,0:30,0:15,1,0,DRC9,17.1,DH,,,ten8_N_220804,,,ten8_N_220804,NEXP1_ten8_N_220804_9172022_04.qgd
13,157,2022-08-04,N,agg,15,,20:22,20:53,21:08,0:31,0:15,1,0,DRC8,18.8,DH,,,agg15_N_220804,916b,13,916bT13,NEXP1_916bT13_9162022_13.qgd
13,158,2022-08-04,N,ten,13,,20:40,21:10,21:25,0:30,0:15,1,0,DRC9,17.2,DH,,,ten13_N_220804,,,ten13_N_220804,NEXP1_ten13_N_220804_9172022_08.qgd
13,159,2022-08-04,N,ten,7,,20:41,21:11,21:26,0:30,0:15,1,0,DRC8,24,DH,,,ten7_N_220804,916b,28,916bT28,NEXP1_916bT28_9162022_28.qgd
13,160,2022-08-04,N,AMB,DH,,20:56,21:26,21:44,0:30,0:18,,,DRC9,,DH,,,AMBDH_N_220804,,,AMBDH_N_220804,NEXP1_AMBDH_N_220804_9172022_10.qgd
14,161,2022-07-20,N,ten,3,,19:56,20:26,20:41,0:30,0:15,1,0,DRC8,,JB,,,ten3_N_220720,,,ten3_N_220720,NEXP1_ten3_N_220720_862022_30.qgd
14,162,2022-07-20,N,ten,3,2,19:58,20:26,20:41,0:28,0:15,1,0,DRC1,,JB,,,ten3n2_N_220720,,,ten3n2_N_220720,NEXP1_ten3n2_N_220720_9142022_14.qgd
14,163,2022-07-20,N,ten,5,,19:56,20:26,20:41,0:30,0:15,1,0,DRC4,,JB,,,ten5_N_220720,,,ten5_N_220720,NEXP1_ten5_N_220720_862022_28.qgd
14,164,2022-07-20,N,ten,5,2,19:56,20:26,20:41,0:30,0:15,1,0,DRC7,,JB,,,ten5n2_N_220720,,,ten5n2_N_220720,NEXP1_ten5n2_N_220720_862022_29.qgd
14,165,2022-07-20,N,ten,9,,20:00,20:30,20:45,0:30,0:15,1,0,DRC10,,JB,,,ten9_N_220720,,,ten9_N_220720,NEXP1_ten9_N_220720_9142022_15.qgd
14,166,2022-07-20,N,ten,9,2,20:00,20:30,20:45,0:30,0:15,1,0,DRC3,,JB,,,ten9n2_N_220720,,,ten9n2_N_220720,NEXP1_ten9n2_N_220720_9142022_16.qgd
14,167,2022-07-20,N,agg,8,,20:00,20:30,20:45,0:30,0:15,1,0,JMP2,,JB,,,agg8_N_220720,,,agg8_N_220720,NEXP1_agg8_N_220720_9142022_17.qgd
14,168,2022-07-20,N,agg,8,2,20:02,20:30,20:45,0:28,0:15,1,1,JMP3,,JB,,,agg8n2_N_220720,,,agg8n2_N_220720,NEXP1_agg8n2_N_220720_9142022_18.qgd
14,169,2022-07-20,N,ten,10,,20:02,20:30,20:47,0:28,0:17,1,0,JMP1,,JB,,,ten10_N_220720,,,ten10_N_220720,NEXP1_ten10_N_220720_9142022_19.qgd
14,170,2022-07-20,N,agg,18,,20:02,20:32,20:47,0:30,0:15,1,0,DRC5,,JB,,,agg18_N_220720,,,agg18_N_220720,NEXP1_agg18_N_220720_862022_18.qgd
14,171,2022-07-20,N,agg,18,2,20:03,20:32,20:47,0:29,0:15,1,0,DRC9,,JB,,FLOWER FELL OFF,agg18n2_N_220720,,,agg18n2_N_220720,NEXP1_agg18n2_N_220720_9142022_11.qgd
14,172,2022-07-20,N,agg,12,,20:28,20:58,21:13,0:30,0:15,1,0,DRC5,,JB,,TOUCHED TRAP W/ GLOVE. JP: fixed pump time from datasheet,agg12_N_220720,,,agg12_N_220720,NEXP1_agg12_N_220720_862022_20.qgd
14,173,2022-07-20,N,agg,12,2,20:30,20:58,21:13,0:28,0:15,1,0,DRC8,,JB,,,agg12n2_N_220720,,,agg12n2_N_220720,NEXP1_agg12n2_N_220720_862022_19.qgd
14,174,2022-07-20,N,ten,16,,20:32,21:02,21:19,0:30,0:17,1,0,DRC3,,JB,,,ten16_N_220720,,,ten16_N_220720,NEXP1_ten16_N_220720_862022_23.qgd
14,175,2022-07-20,N,agg,10,2DRC7,20:33,21:03,21:18,0:30,0:15,1,0,DRC7,,JB,,JP: added pump_id to sample to disambiguate,agg10n2DRC7_N_220720,,,agg10n2DRC7_N_220720,NEXP1_agg10n2_N_220720_862022_21.qgd
14,176,2022-07-20,N,ten,16,2,20:34,21:04,21:19,0:30,0:15,1,0,JMP1,,JB,,,ten16n2_N_220720,,,ten16n2_N_220720,NEXP1_ten16n2_N_220720_862022_24.qgd
14,177,2022-07-20,N,agg,15,,20:35,21:05,21:21,0:30,0:16,1,0,DRC10,,JB,,,agg15_N_220720,915,2,915T2,NEXP1_915T2_9152022_02.qgd
14,178,2022-07-20,N,agg,15,2,20:36,21:05,21:21,0:29,0:16,1,0,DRC9,,JB,,FELL OFF,agg15n2_N_220720,915,1,915T1,NEXP1_915T1_9152022_01.qgd
14,179,2022-07-20,N,ten,14,,20:39,21:10,21:25,0:31,0:15,1,0,JMP2,,JB,,,ten14_N_220720,,,ten14_N_220720,NEXP1_ten14_N_220720_862022_27.qgd
14,180,2022-07-20,N,agg,9,,20:39,21:10,21:24,0:31,0:14,1,0,DRC1,,JB,,ONLY 1 FLOWER,agg9_N_220720,,,agg9_N_220720,NEXP1_agg9_N_220720_862022_25.qgd
14,181,2022-07-20,N,ten,14,2,20:40,21:12,21:25,0:32,0:13,1,0,JMP3,,JB,,,ten14n2_N_220720,,,ten14n2_N_220720,NEXP1_ten14n2_N_220720_862022_26.qgd
14,182,2022-07-20,N,ten,17,,20:42,21:16,21:27,0:34,0:11,1,0,DRC5,,JB,,,ten17_N_220720,915,3,915T3,NEXP1_915T3_9152022_03.qgd
14,183,2022-07-20,N,agg,10,2DRC4,20:33,21:03,21:18,0:30,0:15,1,0,DRC4,,JB,,JP: added pump_id to sample to disambiguate,agg10n2DRC4_N_220720,915,5,915T5,NEXP1_915T5_9152022_05.qgd
14,184,2022-07-20,N,AMB,JB,,21:05,21:35,21:50,0:30,0:15,1,0,JMP1,,JB,,,AMBJB_N_220720,915,4,915T4,NEXP1_915T4_9152022_04.qgd
14,185,2022-07-20,N,ten,10,2,21:06,21:36,21:51,0:30,0:15,1,0,DRC3,,JB,,,ten10n2_N_220720,,,ten10n2_N_220720,#N/A
14,186,2022-07-20,N,ten,17,2,21:18,21:48,22:03,0:30,0:15,1,0,DRC8,,JB,,,ten17n2_N_220720,915,6,915T6,NEXP1_915T6_9152022_06.qgd
15,187,2022-08-05,D,ten,3,,9:05,9:35,9:50,0:30,0:15,1,0,JMP1,18.7,KW,,OLD FLOWER,ten3_D_220805,917b,11,917bT11,NEXP1_817bT11_9172022_11.qgd
15,188,2022-08-05,D,agg,8,,9:08,9:38,9:53,0:30,0:15,1,1,JMP2,12.7,KW,,,agg8_D_220805,917b,12,917bT12,NEXP1_817bT12_9172022_12.qgd
15,189,2022-08-05,D,agg,2,,9:10,9:40,9:55,0:30,0:15,1,1,JMP3,21,KW,,,agg2_D_220805,917b,18,917bT18,NEXP1_817bT18_9172022_18.qgd
15,190,2022-08-05,D,agg,6,,9:12,9:42,9:57,0:30,0:15,1,0,CWU1,24.5,KW,,,agg6_D_220805,917b,17,917bT17,NEXP1_817bT17_9172022_17.qgd
15,191,2022-08-05,D,ten,16,,9:14,9:44,9:59,0:30,0:15,1,0,DRC4,12.9,KW,,,ten16_D_220805,917b,16,917bT16,NEXP1_817bT16redo__220824_9182022_10.qgd
15,192,2022-08-05,D,agg,1,,9:16,9:46,10:01,0:30,0:15,1,0,DRC7,22.3,KW,,,agg1_D_220805,917b,15,917bT15,NEXP1_817bT15_9172022_15.qgd
15,193,2022-08-05,D,ten,9,,9:41,10:11,10:26,0:30,0:15,1,1,JMP1,12.9,KW,,,ten9_D_220805,917b,14,917bT14,NEXP1_817bT14_9172022_14.qgd
15,194,2022-08-05,D,agg,13,,9:44,10:14,10:29,0:30,0:15,1,1,JMP2,11.9,KW,,,agg13_D_220805,917b,13,917bT13,NEXP1_817bT13_9172022_13.qgd
15,195,2022-08-05,D,ten,6,,9:46,10:16,10:31,0:30,0:15,1,0,JMP3,12.9,KW,,,ten6_D_220805,917b,19,917bT19,NEXP1_817bT19redo__220824_9182022_13.qgd
15,196,2022-08-05,D,ten,12,,9:48,10:18,10:33,0:30,0:15,1,0,CWU1,19.6,KW,,,ten12_D_220805,917b,20,917bT20,NEXP1_817bT20_9172022_20.qgd
15,197,2022-08-05,D,agg,10,,10:09,10:39,10:54,0:30,0:15,1,0,JMP1,12.7,KW,,,agg10_D_220805,917b,27,917bT27,NEXP1_817bT27_9172022_27.qgd
15,198,2022-08-05,D,ten,5,,10:10,10:40,10:55,0:30,0:15,1,1,JMP2,19.8,KW,,,ten5_D_220805,917b,26,917bT26,NEXP1_817bT26_9172022_26.qgd
15,199,2022-08-05,D,ten,7,,10:13,10:43,10:58,0:30,0:15,1,0,JMP3,20.6,KW,,NEW FLOWER BUT CRINKLY,ten7_D_220805,917b,25,917bT25,NEXP1_817bT25_9172022_25.qgd
15,200,2022-08-05,D,ten,1,,10:16,10:48,11:03,0:32,0:15,1,0,DRC7,28.8,KW,,,ten1_D_220805,917b,28,917bT28,NEXP1_817bT28_9172022_28.qgd
15,201,2022-08-05,D,AMB,KW,,10:39,11:09,11:24,0:30,0:15,1,,DRC9,,KW,,,AMBKW_D_220805,,,AMBKW_D_220805,#N/A
20,261,2022-07-20,D,ten,3,,12:48,13:18,13:33,0:30,0:15,1,0,DRC4,,DH,72,"*smaples taken by JB, AA, JP",ten3_D_220720,,,ten3_D_220720,NEXP1_tenA3__220720_9162022_01.qgd
20,262,2022-07-20,D,ten,5,,12:49,13:19,13:34,0:30,0:15,1,0,DRC3,,DH,,"22C- 23C, windy",ten5_D_220720,,,ten5_D_220720,NEXP1_tenA5__220720_9162022_02.qgd
20,263,2022-07-20,D,ten,14,,12:51,13:21,13:36,0:30,0:15,1,0,DRC1,,DH,,,ten14_D_220720,,,ten14_D_220720,NEXP1_tenA14__220720_9162022_03.qgd
20,264,2022-07-20,D,ten,16,,12:53,13:23,13:38,0:30,0:15,1,0,DRC10,,DH,,,ten16_D_220720,,,ten16_D_220720,NEXP1_tenA16__220720_9162022_04.qgd
20,265,2022-07-20,D,ten,10,,12:56,13:29,13:44,0:33,0:15,1,0,DRC9,,DH,,,ten10_D_220720,,,ten10_D_220720,NEXP1_tenC10__220720_9162022_05.qgd
20,266,2022-07-20,D,AMB,,DRC8,12:57,13:27,13:44,0:30,0:17,,,DRC8,,DH,,JP: added pump_id to sample to disambiguate,AMBnDRC8_D_220720,,,AMBnDRC8_D_220720,NEXP1_AMB__220720_9162022_07.qgd
20,267,2022-07-20,D,agg,8,,12:57,13:30,13:45,0:33,0:15,1,0,DRC7,,DH,,,agg8_D_220720,,,agg8_D_220720,NEXP1_agg8__220720_9162022_06.qgd
20,268,2022-07-20,D,ten,7,,13:03,13:34,13:52,0:31,0:18,1,0,DRC5,,DH,,SCENT TRAP TOUCHED GLOVE,ten7_D_220720,,,ten7_D_220720,NEXP1_tenB7__220720_9162022_08.qgd
20,269,2022-07-20,D,ten,9,,13:23,13:53,14:08,0:30,0:15,1,0,JMP3,,DH,,PUMP FELL OUT BRIEFLY ,ten9_D_220720,915,19,915T19,NEXP1_915T19_9152022_19.qgd
20,270,2022-07-20,D,ten,17,,13:33,14:03,14:18,0:30,0:15,1,0,DRC4,,DH,,,ten17_D_220720,,,ten17_D_220720,#N/A
20,271,2022-07-20,D,agg,12,,13:36,14:06,14:21,0:30,0:15,1,0,DRC10,,DH,,,agg12_D_220720,915,22,915T22,NEXP1_915T22_9152022_22.qgd
20,272,2022-07-20,D,agg,10,,13:37,14:07,14:22,0:30,0:15,1,0,DRC5,,DH,,SCENT TRAP TOUCHED FLOWER,agg10_D_220720,915,21,915T21,NEXP1_915T21_9152022_21.qgd
20,273,2022-07-20,D,agg,18,,13:40,14:10,14:25,0:30,0:15,1,0,DRC1,,DH,,TRAP FELL OUT,agg18_D_220720,915,23,915T23,NEXP1_915T23_9152022_23.qgd
20,274,2022-07-20,D,ten,16,2,13:42,14:12,14:27,0:30,0:15,1,0,DRC3,,DH,,,ten16n2_D_220720,915,26,915T26,NEXP1_915T26_9152022_26.qgd
20,275,2022-07-20,D,agg,9,,13:48,14:18,14:33,0:30,0:15,1,0,DRC9,,DH,,,agg9_D_220720,915,24,915T24,NEXP1_915T24_9152022_24.qgd
20,276,2022-07-20,D,ten,5,2,13:55,14:25,14:40,0:30,0:15,1,0,JMP3,,DH,,,ten5n2_D_220720,915,25,915T25,NEXP1_915T25_9152022_25.qgd
20,277,2022-07-20,D,agg,12,2,13:58,14:28,14:43,0:30,0:15,1,0,DRC10,,DH,,,agg12n2_D_220720,915,27,915T27,NEXP1_915T27_9152022_27.qgd
20,278,2022-07-20,D,agg,15,,14:02,14:32,14:47,0:30,0:15,1,0,DRC4,,DH,,,agg15_D_220720,915,28,915T28,NEXP1_915T28_9152022_28.qgd
20,279,2022-07-20,D,ten,3,2,14:06,14:36,14:51,0:30,0:15,1,0,DRC9,,DH,,BRIEFLY POPPED OUT,ten3n2_D_220720,915,29,915T29,NEXP1_915T29_9152022_29.qgd
20,280,2022-07-20,D,agg,15,2,14:17,14:47,15:05,0:30,0:18,1,0,DRC4,,DH,,POPPED OUT 30 SECONDS,agg15n2_D_220720,915,30,915T30,NEXP1_915T30_9152022_30.qgd
20,281,2022-07-20,D,ten,17,2,14:23,14:53,15:08,0:30,0:15,1,0,JMP3,,DH,,BRIEFLY POPPED OUT,ten17n2_D_220720,915,11,915T11,NEXP1_915T11_9152022_11.qgd
20,282,2022-07-20,D,AMB,,DRC10,14:27,14:57,15:12,0:30,0:15,,,DRC10,,DH,,JP: added pump_id to sample to disambiguate,AMBnDRC10_D_220720,915,13,915T13,NEXP1_915T13_9152022_13.qgd
20,283,2022-07-20,D,ten,9,2,14:26,14:56,15:11,0:30,0:15,1,0,DRC3,,DH,,,ten9n2_D_220720,915,12,915T12,NEXP1_915T12_9152022_12.qgd
20,284,2022-07-20,D,ten,10,2,14:28,14:58,15:13,0:30,0:15,1,0,DRC9,,DH,,,ten10n2_D_220720,915,14,915T14,NEXP1_915T14_9152022_14.qgd
20,285,2022-07-20,D,agg,18,2,14:31,15:00,15:15,0:29,0:15,1,0,DRC1,,DH,,BRIEFLY POPPED OUT X5,agg18n2_D_220720,915,15,915T15,NEXP1_915T15_9152022_15.qgd
20,286,2022-07-20,D,agg,10,2,14:33,15:05,15:18,0:32,0:13,1,0,DRC5,,DH,,BRIEFLY POPPED OUT,agg10n2_D_220720,915,16,915T16,NEXP1_915T16_9152022_16.qgd
20,287,2022-07-20,D,agg,5,2,14:40,15:12,15:27,0:32,0:15,1,0,DRC7,,DH,,,agg5n2_D_220720,,,agg5n2_D_220720,#N/A
20,288,2022-07-20,D,ten,14,2,14:43,15:13,15:28,0:30,0:15,1,0,DRC4,,DH,,,ten14n2_D_220720,915,18,915T18,NEXP1_915T18_9152022_18.qgd
21,289,2022-08-11,N,ten,17,,20:06,20:36,20:51,0:30,0:15,1,0,CWU1,36.2,,60,TRAP TOUCHED GLOVE. ALL PUMPS RECALIBRATED TO 100 FLOW RATE,ten17_N_220811,,,ten17_N_220811,NEXP1_ten17_N_220811_9142022_04.qgd
21,290,2022-08-11,N,ten,5,,20:07,20:37,20:52,0:30,0:15,1,0,DRC8,25.1,,,,ten5_N_220811,,,ten5_N_220811,NEXP1_ten5_N_220811_9142022_03.qgd
21,291,2022-08-11,N,ten,1,,20:08,20:38,20:53,0:30,0:15,1,0,DRC7,30.7,,,FLOWER ALMOST DEAD,ten1_N_220811,,,ten1_N_220811,NEXP1_ten1_N_220811_9142022_05.qgd
21,292,2022-08-11,N,agg,8,,20:09,20:39,20:54,0:30,0:15,1,0,DRC1,21.9,,,,agg8_N_220811,,,agg8_N_220811,NEXP1_agg8_N_220811_9142022_06.qgd
21,293,2022-08-11,N,agg,9,,20:10,20:40,20:55,0:30,0:15,1,0,DRC5,23,,,,agg9_N_220811,,,agg9_N_220811,NEXP1_agg9_N_220811_9142022_07.qgd
21,294,2022-08-11,N,agg,10,,20:11,20:41,20:56,0:30,0:15,1,0,DRC10,22.4,,,TOUCHED GLOVE,agg10_N_220811,,,agg10_N_220811,NEXP1_agg10_N_220811_9142022_08.qgd
21,295,2022-08-11,N,agg,15,,20:12,20:42,20:57,0:30,0:15,1,0,DRC3,16.9,,,,agg15_N_220811,,,agg15_N_220811,NEXP1_agg15_N_220811_9142022_09.qgd
21,296,2022-08-11,N,AMB,JB,DRC4,20:13,20:43,20:58,0:30,0:15,,,DRC4,,,,JP: added pump_id to sample to disambiguate,AMBJBnDRC4_N_220811,,,AMBJBnDRC4_N_220811,#N/A
21,297,2022-08-11,N,AMB,JB,CWU1,20:14,20:51,21:04,0:37,0:13,,,CWU1,,,,JP: added pump_id to sample to disambiguate,AMBJBnCWU1_N_220811,,,AMBJBnCWU1_N_220811,#N/A
22,298,2022-08-05,D,agg,15,,9:58,10:28,10:43,0:30,0:15,1,0,CWU2,18.3,DH,,BROKEN SCENT TRAP,agg15_D_220805,917b,30,917bT30,NEXP1_817bT30_9172022_30.qgd
22,299,2022-08-05,D,ten,14,,10:00,10:30,10:45,0:30,0:15,1,0,DRC5,16.4,DH,,,ten14_D_220805,918a,4,918aT4,NEXP1_818aT4_9182022_04.qgd
22,300,2022-08-05,D,agg,7,,9:49,10:19,10:48,0:30,0:29,1,0,DRC4,23.1,DH,,JP: checked end time agasint datasheet,agg7_D_220805,917b,21,917bT21,NEXP1_817bT21_9172022_21.qgd
22,301,2022-08-05,D,agg,19,,9:50,10:20,10:35,0:30,0:15,1,0,DRC7,26.5,DH,,,agg19_D_220805,917b,22,917bT22,NEXP1_817bT22_9172022_22.qgd
22,302,2022-08-05,D,ten,4,,10:10,10:40,10:55,0:30,0:15,1,0,DRC4,8.8,DH,,,ten4_D_220805,917b,29,917bT29,NEXP1_817bT29_9172022_29.qgd
22,303,2022-08-05,D,agg,4,,10:11,10:41,10:56,0:30,0:15,1,0,DRC7,16.6,DH,,,agg4_D_220805,,,agg4_D_220805,#N/A
22,304,2022-08-05,D,agg,11,,10:16,10:46,11:01,0:30,0:15,1,0,DRC3,22.6,DH,,,agg11_D_220805,918a,1,918aT1,NEXP1_818aT1_9182022_01.qgd
22,305,2022-08-05,D,agg,12,,10:17,10:47,11:02,0:30,0:15,1,0,DRC5,24.8,DH,,,agg12_D_220805,918a,5,918aT5,NEXP1_818aT5_9182022_05.qgd
22,306,2022-08-05,D,AMB,DH,,10:20,10:54,11:05,0:34,0:11,,,,,DH,,,AMBDH_D_220805,918a,3,918aT3,NEXP1_818aT3_9182022_03.qgd
22,307,2022-08-05,D,ten,13,,10:35,11:05,11:20,0:30,0:15,1,0,DRC4,14.3,DH,,,ten13_D_220805,,,ten13_D_220805,#N/A
23,308,2022-08-17,D,ten,17,,9:04,9:34,9:49,0:30,0:15,1,1,DRC7,38.5,JB,,PUMPS RECALIBRATED 8/16/2022 BY DH,ten17_D_220817,,,ten17_D_220817,#N/A
23,309,2022-08-17,D,ten,7,,9:06,9:36,9:51,0:30,0:15,1,0,DRC9,26.9,JB,,FILLING DATA HOLES,ten7_D_220817,,,ten7_D_220817,#N/A
23,310,2022-08-17,D,agg,19,,9:07,9:37,9:52,0:30,0:15,1,0,DRC3,29.2,JB,50,temperature at 9:52 AM,agg19_D_220817,,,agg19_D_220817,#N/A
23,311,2022-08-17,D,agg,19,2,9:08,9:38,9:53,0:30,0:15,1,0,CWU2,29.7,JB,,,agg19n2_D_220817,,,agg19n2_D_220817,#N/A
23,312,2022-08-17,D,AMB,JB,,9:09,9:46,10:01,0:37,0:15,,,CWU1,,,,,AMBJB_D_220817,,,AMBJB_D_220817,#N/A
24,313,2022-08-17,N,ten,7,,19:59,20:29,20:44,0:30,0:15,1,0,DRC8,19.6,JB,60,SCRIBE: JB AND JP,ten7_N_220817,,,ten7_N_220817,#N/A
24,314,2022-08-17,N,ten,7,2,20:00,20:30,20:45,0:30,0:15,1,0,DRC10,,JB,,,ten7n2_N_220817,,,ten7n2_N_220817,#N/A
24,315,2022-08-17,N,ten,4,,20:01,20:31,20:46,0:30,0:15,1,0,DRC5,17.6,JB,,,ten4_N_220817,,,ten4_N_220817,#N/A
24,316,2022-08-17,N,ten,4,2,20:02,20:32,20:47,0:30,0:15,1,0,CWU1,,JB,,,ten4n2_N_220817,,,ten4n2_N_220817,#N/A
24,317,2022-08-17,N,agg,7,,20:03,20:33,20:48,0:30,0:15,1,0,DRC3,15.9,JB,,,agg7_N_220817,,,agg7_N_220817,#N/A
24,318,2022-08-17,N,agg,7,2,20:04,20:34,20:49,0:30,0:15,1,0,JMP1,,JB,,TRAP TOUCHED VEG,agg7n2_N_220817,,,agg7n2_N_220817,#N/A
24,319,2022-08-17,N,ten,19,,20:06,20:36,20:51,0:30,0:15,1,0,JMP2,27.7,JB,,,ten19_N_220817,,,ten19_N_220817,NEXP1_ten19__220817_9172022_12.qgd
24,320,2022-08-17,N,agg,5,,20:07,20:37,20:52,0:30,0:15,1,0,DRC9,24.5,JB,,,agg5_N_220817,,,agg5_N_220817,NEXP1_agg5_N_220817_9172022_01.qgd
24,321,2022-08-17,N,agg,9,,20:09,20:39,20:54,0:30,0:15,1,0,DRC4,16.8,JB,,,agg9_N_220817,,,agg9_N_220817,#N/A
24,322,2022-08-17,N,agg,16,,20:10,20:40,20:55,0:30,0:15,1,0,DRC7,13.8,JB,,,agg16_N_220817,,,agg16_N_220817,#N/A
24,323,2022-08-17,N,agg,16,2,20:10,20:40,20:55,0:30,0:15,1,0,CWU2,,JB,,PUMP DIED,agg16n2_N_220817,,,agg16n2_N_220817,#N/A
24,324,2022-08-17,N,AMB,JB,,20:13,20:43,20:58,0:30,0:15,,,,,JB,,,AMBJB_N_220817,,,AMBJB_N_220817,#N/A