FileName,sample2,experiment,time,vial,sample_date,run_date,gc_sequence_number,.qgd,sequence.start,verdict,index,color2,date
NEXP2_D_115_230724_7262023_03.qgd,NEXP2_D_115_230724_7262023_03.qgd,NEXP2,D,115,230724,7262023,03,qgd,2023-07-26T22:45:35Z,no-skip,992,NA,2023-07-24
NEXP2_D_6_230724_7262023_04.qgd,NEXP2_D_6_230724_7262023_04.qgd,NEXP2,D,6,230724,7262023,04,qgd,2023-07-26T22:45:35Z,no-skip,993,NA,2023-07-24
NEXP2_D_4_230724_7262023_05.qgd,NEXP2_D_4_230724_7262023_05.qgd,NEXP2,D,4,230724,7262023,05,qgd,2023-07-26T22:45:35Z,no-skip,994,NA,2023-07-24
NEXP2_D_5_230724_7262023_06.qgd,NEXP2_D_5_230724_7262023_06.qgd,NEXP2,D,5,230724,7262023,06,qgd,2023-07-26T22:45:35Z,leak-blank,995,NA,2023-07-24
NEXP2_D_111_230724_7262023_07.qgd,NEXP2_D_111_230724_7262023_07.qgd,NEXP2,D,111,230724,7262023,07,qgd,2023-07-26T22:45:35Z,no-skip,996,NA,2023-07-24
NEXP2_D_112_230724_7262023_08.qgd,NEXP2_D_112_230724_7262023_08.qgd,NEXP2,D,112,230724,7262023,08,qgd,2023-07-26T22:45:35Z,no-skip,997,NA,2023-07-24
NEXP2_D_2_230724_7262023_09.qgd,NEXP2_D_2_230724_7262023_09.qgd,NEXP2,D,2,230724,7262023,09,qgd,2023-07-26T22:45:35Z,no-skip,998,NA,2023-07-24
NEXP2_D_1_230724_7262023_10.qgd,NEXP2_D_1_230724_7262023_10.qgd,NEXP2,D,1,230724,7262023,10,qgd,2023-07-26T22:45:35Z,no-skip,999,NA,2023-07-24
NEXP2_D_118_230724_7262023_11.qgd,NEXP2_D_118_230724_7262023_11.qgd,NEXP2,D,118,230724,7262023,11,qgd,2023-07-26T22:45:35Z,no-skip,1000,NA,2023-07-24
NEXP2_D_116_230724_7262023_12.qgd,NEXP2_D_116_230724_7262023_12.qgd,NEXP2,D,116,230724,7262023,12,qgd,2023-07-26T22:45:35Z,no-skip,1001,NA,2023-07-24
NEXP2_D_119_230724_7262023_13.qgd,NEXP2_D_119_230724_7262023_13.qgd,NEXP2,D,119,230724,7262023,13,qgd,2023-07-26T22:45:35Z,no-skip,1002,NA,2023-07-24
NEXP2_D_113_230724_7262023_14.qgd,NEXP2_D_113_230724_7262023_14.qgd,NEXP2,D,113,230724,7262023,14,qgd,2023-07-26T22:45:35Z,no-skip,1003,NA,2023-07-24
NEXP2_D_117_230724_7262023_15.qgd,NEXP2_D_117_230724_7262023_15.qgd,NEXP2,D,117,230724,7262023,15,qgd,2023-07-26T22:45:35Z,no-skip,1004,NA,2023-07-24
NEXP2_D_9_230724_7262023_16.qgd,NEXP2_D_9_230724_7262023_16.qgd,NEXP2,D,9,230724,7262023,16,qgd,2023-07-26T22:45:35Z,no-skip,1005,NA,2023-07-24
NEXP2_D_7_230724_7262023_17.qgd,NEXP2_D_7_230724_7262023_17.qgd,NEXP2,D,7,230724,7262023,17,qgd,2023-07-26T22:45:35Z,no-skip,1006,NA,2023-07-24
NEXP2_D_8_230724_7262023_18.qgd,NEXP2_D_8_230724_7262023_18.qgd,NEXP2,D,8,230724,7262023,18,qgd,2023-07-26T22:45:35Z,no-skip,1007,NA,2023-07-24
NEXP2_D_28_230724_7262023_19.qgd,NEXP2_D_28_230724_7262023_19.qgd,NEXP2,D,28,230724,7262023,19,qgd,2023-07-26T22:45:35Z,no-skip,1008,NA,2023-07-24
NEXP2_D_27_230724_7272023_02.qgd,NEXP2_D_27_230724_7272023_02.qgd,NEXP2,D,27,230724,7272023,02,qgd,2023-07-27T09:18:36Z,no-skip,1010,NA,2023-07-24
NEXP2_D_19_230724_7272023_03.qgd,NEXP2_D_19_230724_7272023_03.qgd,NEXP2,D,19,230724,7272023,03,qgd,2023-07-27T09:18:36Z,no-skip,1011,NA,2023-07-24
NEXP2_D_14_230724_7272023_04.qgd,NEXP2_D_14_230724_7272023_04.qgd,NEXP2,D,14,230724,7272023,04,qgd,2023-07-27T09:18:36Z,no-skip,1012,NA,2023-07-24
NEXP2_D_5_230724_7272023_05.qgd,NEXP2_D_5_230724_7272023_05.qgd,NEXP2,D,5,230724,7272023,05,qgd,2023-07-27T09:18:36Z,leak-blank,1013,NA,2023-07-24
NEXP2_D_13_230724_7272023_06.qgd,NEXP2_D_13_230724_7272023_06.qgd,NEXP2,D,13,230724,7272023,06,qgd,2023-07-27T09:18:36Z,no-skip,1014,NA,2023-07-24
NEXP2_D_12_230724_7272023_07.qgd,NEXP2_D_12_230724_7272023_07.qgd,NEXP2,D,12,230724,7272023,07,qgd,2023-07-27T09:18:36Z,no-skip,1015,NA,2023-07-24
NEXP2_D_16_230724_7272023_08.qgd,NEXP2_D_16_230724_7272023_08.qgd,NEXP2,D,16,230724,7272023,08,qgd,2023-07-27T09:18:36Z,no-skip,1016,NA,2023-07-24
NEXP2_D_20_230724_7272023_09.qgd,NEXP2_D_20_230724_7272023_09.qgd,NEXP2,D,20,230724,7272023,09,qgd,2023-07-27T09:18:36Z,no-skip,1017,NA,2023-07-24
NEXP2_D_15_230724_7272023_10.qgd,NEXP2_D_15_230724_7272023_10.qgd,NEXP2,D,15,230724,7272023,10,qgd,2023-07-27T09:18:36Z,no-skip,1018,NA,2023-07-24
NEXP2_D_37_230724_7272023_11.qgd,NEXP2_D_37_230724_7272023_11.qgd,NEXP2,D,37,230724,7272023,11,qgd,2023-07-27T09:18:36Z,no-skip,1019,NA,2023-07-24
NEXP2_D_11_230724_7272023_12.qgd,NEXP2_D_11_230724_7272023_12.qgd,NEXP2,D,11,230724,7272023,12,qgd,2023-07-27T09:18:36Z,no-skip,1020,NA,2023-07-24
NEXP2_D_29_230724_7272023_13.qgd,NEXP2_D_29_230724_7272023_13.qgd,NEXP2,D,29,230724,7272023,13,qgd,2023-07-27T09:18:36Z,no-skip,1021,NA,2023-07-24
NEXP2_D_105_230724_7272023_14.qgd,NEXP2_D_105_230724_7272023_14.qgd,NEXP2,D,105,230724,7272023,14,qgd,2023-07-27T09:18:36Z,no-skip,1022,NA,2023-07-24
NEXP2_D_30_230724_7272023_15.qgd,NEXP2_D_30_230724_7272023_15.qgd,NEXP2,D,30,230724,7272023,15,qgd,2023-07-27T09:18:36Z,no-skip,1023,NA,2023-07-24
NEXP2_N_62_230724_7302023_02.qgd,NEXP2_N_62_230724_7302023_02.qgd,NEXP2,N,62,230724,7302023,02,qgd,2023-07-30T12:30:01Z,no-skip,1049,NA,2023-07-24
NEXP2_N_63_230724_7302023_03.qgd,NEXP2_N_63_230724_7302023_03.qgd,NEXP2,N,63,230724,7302023,03,qgd,2023-07-30T12:30:01Z,no-skip,1050,NA,2023-07-24
NEXP2_N_64_230724_7302023_04.qgd,NEXP2_N_64_230724_7302023_04.qgd,NEXP2,N,64,230724,7302023,04,qgd,2023-07-30T12:30:01Z,no-skip,1051,NA,2023-07-24
NEXP2_N_70_230724_7302023_05.qgd,NEXP2_N_70_230724_7302023_05.qgd,NEXP2,N,70,230724,7302023,05,qgd,2023-07-30T12:30:01Z,no-skip,1052,NA,2023-07-24
NEXP2_N_18_230724_7302023_06.qgd,NEXP2_N_18_230724_7302023_06.qgd,NEXP2,N,18,230724,7302023,06,qgd,2023-07-30T12:30:01Z,no-skip,1053,NA,2023-07-24
NEXP2_N_72_230724_7302023_07.qgd,NEXP2_N_72_230724_7302023_07.qgd,NEXP2,N,72,230724,7302023,07,qgd,2023-07-30T12:30:01Z,no-skip,1054,NA,2023-07-24
NEXP2_N_90_230724_7302023_08.qgd,NEXP2_N_90_230724_7302023_08.qgd,NEXP2,N,90,230724,7302023,08,qgd,2023-07-30T12:30:01Z,no-skip,1055,NA,2023-07-24
NA,NEXP2_N_76_230724_7302023_09.qgd,NEXP2,N,76,230724,7302023,09,qgd,2023-07-30T12:30:01Z,skip-notrun,1056,NA,2023-07-24
NEXP2_N_76_230724_7302023_09.qgd,NEXP2_N_66_230724_7302023_10.qgd,NEXP2,N,66,230724,7302023,10,qgd,2023-07-30T12:30:01Z,skip-rename,1057,NA,2023-07-24
NEXP2_N_66_230724_7302023_10.qgd,NEXP2_N_65_230724_7302023_11.qgd,NEXP2,N,65,230724,7302023,11,qgd,2023-07-30T12:30:01Z,skip-rename,1058,NA,2023-07-24
NEXP2_N_65_230724_7302023_11.qgd,NEXP2_N_94_230724_7302023_12.qgd,NEXP2,N,94,230724,7302023,12,qgd,2023-07-30T12:30:01Z,skip-rename,1059,NA,2023-07-24
NEXP2_N_94_230724_7302023_12.qgd,NEXP2_N_84_230724_7302023_13.qgd,NEXP2,N,84,230724,7302023,13,qgd,2023-07-30T12:30:01Z,skip-rename,1060,NA,2023-07-24
NEXP2_N_84_230724_7302023_13.qgd,NEXP2_N_82_230724_7302023_14.qgd,NEXP2,N,82,230724,7302023,14,qgd,2023-07-30T12:30:01Z,skip-rename,1061,NA,2023-07-24
NEXP2_N_82_230724_7302023_14.qgd,NEXP2_N_83_230724_7302023_15.qgd,NEXP2,N,83,230724,7302023,15,qgd,2023-07-30T12:30:01Z,skip-rename,1062,NA,2023-07-24
NEXP2_N_83_230724_7302023_15.qgd,NEXP2_N_47_230724_7302023_16.qgd,NEXP2,N,47,230724,7302023,16,qgd,2023-07-30T12:30:01Z,skip-rename,1063,NA,2023-07-24
NEXP2_N_47_230724_7302023_16.qgd,NEXP2_N_48_230724_7302023_17.qgd,NEXP2,N,48,230724,7302023,17,qgd,2023-07-30T12:30:01Z,skip-rename,1064,NA,2023-07-24
NEXP2_N_48_230724_7302023_17.qgd,NEXP2_N_49_230724_7302023_18.qgd,NEXP2,N,49,230724,7302023,18,qgd,2023-07-30T12:30:01Z,skip-rename,1065,NA,2023-07-24
NEXP2_N_49_230724_7302023_18.qgd,NEXP2_N_71_230724_7302023_19.qgd,NEXP2,N,71,230724,7302023,19,qgd,2023-07-30T12:30:01Z,skip-rename,1066,NA,2023-07-24
NEXP2_N_71_230724_7302023_19.qgd,NEXP2_N_93_230724_7302023_20.qgd,NEXP2,N,93,230724,7302023,20,qgd,2023-07-30T12:30:01Z,skip-rename,1067,NA,2023-07-24
NEXP2_N_50_230724_7312023_02.qgd,NEXP2_N_50_230724_7312023_02.qgd,NEXP2,N,50,230724,7312023,02,qgd,2023-07-31T16:05:27Z,no-skip,1080,NA,2023-07-24
NEXP2_N_101_230724_7312023_03.qgd,NEXP2_N_101_230724_7312023_03.qgd,NEXP2,N,101,230724,7312023,03,qgd,2023-07-31T16:05:27Z,no-skip,1081,NA,2023-07-24
NEXP2_N_74_230724_7312023_04.qgd,NEXP2_N_74_230724_7312023_04.qgd,NEXP2,N,74,230724,7312023,04,qgd,2023-07-31T16:05:27Z,no-skip,1082,NA,2023-07-24
NEXP2_N_75_230724_7312023_05.qgd,NEXP2_N_75_230724_7312023_05.qgd,NEXP2,N,75,230724,7312023,05,qgd,2023-07-31T16:05:27Z,no-skip,1083,NA,2023-07-24
NEXP2_N_102_230724_7312023_06.qgd,NEXP2_N_102_230724_7312023_06.qgd,NEXP2,N,102,230724,7312023,06,qgd,2023-07-31T16:05:27Z,no-skip,1084,NA,2023-07-24
NEXP2_N_56_230724_7312023_07.qgd,NEXP2_N_56_230724_7312023_07.qgd,NEXP2,N,56,230724,7312023,07,qgd,2023-07-31T16:05:27Z,no-skip,1085,NA,2023-07-24
NEXP2_N_61_230724_7312023_08.qgd,NEXP2_N_61_230724_7312023_08.qgd,NEXP2,N,61,230724,7312023,08,qgd,2023-07-31T16:05:27Z,no-skip,1086,NA,2023-07-24
NEXP2_N_120_230724_7312023_09.qgd,NEXP2_N_120_230724_7312023_09.qgd,NEXP2,N,120,230724,7312023,09,qgd,2023-07-31T16:05:27Z,no-skip,1087,NA,2023-07-24
NEXP2_N_117_230724_7312023_10.qgd,NEXP2_N_117_230724_7312023_10.qgd,NEXP2,N,117,230724,7312023,10,qgd,2023-07-31T16:05:27Z,no-skip,1088,NA,2023-07-24
NEXP2_N_118_230724_7312023_11.qgd,NEXP2_N_118_230724_7312023_11.qgd,NEXP2,N,118,230724,7312023,11,qgd,2023-07-31T16:05:27Z,no-skip,1089,NA,2023-07-24
NEXP2_N_55_230724_7312023_12.qgd,NEXP2_N_55_230724_7312023_12.qgd,NEXP2,N,55,230724,7312023,12,qgd,2023-07-31T16:05:27Z,no-skip,1090,NA,2023-07-24
NEXP2_N_73_230724_7312023_13.qgd,NEXP2_N_73_230724_7312023_13.qgd,NEXP2,N,73,230724,7312023,13,qgd,2023-07-31T16:05:27Z,no-skip,1091,NA,2023-07-24
NEXP2_N_46_230724_7312023_14.qgd,NEXP2_N_46_230724_7312023_14.qgd,NEXP2,N,46,230724,7312023,14,qgd,2023-07-31T16:05:27Z,no-skip,1092,NA,2023-07-24
NEXP2_N_66_230724_7312023_15.qgd,NEXP2_N_66_230724_7312023_15.qgd,NEXP2,N,66,230724,7312023,15,qgd,2023-07-31T16:05:27Z,no-skip,1093,NA,2023-07-24
NEXP2_N_60_230724_7312023_16.qgd,NEXP2_N_60_230724_7312023_16.qgd,NEXP2,N,60,230724,7312023,16,qgd,2023-07-31T16:05:27Z,no-skip,1094,NA,2023-07-24
NA,NEXP2_N_85_230724_832023_02.qgd,NEXP2,N,85,230724,832023,02,qgd,2023-08-03T14:50:08Z,skip-notrun,1146,NA,2023-07-24
NEXP2_N_85_230724_832023_02.qgd,NEXP2_N_92_230724_832023_03.qgd,NEXP2,N,92,230724,832023,03,qgd,2023-08-03T14:50:08Z,skip-rename,1147,NA,2023-07-24
NEXP2_N_92_230724_832023_03.qgd,NEXP2_N_125_230724_832023_04.qgd,NEXP2,N,125,230724,832023,04,qgd,2023-08-03T14:50:08Z,skip-rename,1148,NA,2023-07-24
NEXP2_N_125_230724_832023_04.qgd,NEXP2_N_217_230724_832023_05.qgd,NEXP2,N,217,230724,832023,05,qgd,2023-08-03T14:50:08Z,skip-rename,1149,NA,2023-07-24
NEXP2_N_217_230724_832023_05.qgd,NEXP2_N_208_230724_832023_06.qgd,NEXP2,N,208,230724,832023,06,qgd,2023-08-03T14:50:08Z,skip-rename,1150,NA,2023-07-24
NEXP2_N_208_230724_832023_06.qgd,NEXP2_N_218_230724_832023_07.qgd,NEXP2,N,218,230724,832023,07,qgd,2023-08-03T14:50:08Z,skip-rename,1151,NA,2023-07-24
NEXP2_N_218_230724_832023_07.qgd,NEXP2_N_200_230724_832023_08.qgd,NEXP2,N,200,230724,832023,08,qgd,2023-08-03T14:50:08Z,skip-rename,1152,NA,2023-07-24
NEXP2_N_200_230724_832023_08.qgd,NEXP2_N_211_230724_832023_09.qgd,NEXP2,N,211,230724,832023,09,qgd,2023-08-03T14:50:08Z,skip-rename,1153,NA,2023-07-24
NEXP2_N_211_230724_832023_09.qgd,NEXP2_N_202_230724_832023_10.qgd,NEXP2,N,202,230724,832023,10,qgd,2023-08-03T14:50:08Z,skip-rename,1154,NA,2023-07-24
NEXP2_N_202_230724_832023_10.qgd,NEXP2_N_210_230724_832023_11.qgd,NEXP2,N,210,230724,832023,11,qgd,2023-08-03T14:50:08Z,skip-rename,1155,NA,2023-07-24
NEXP2_N_210_230724_832023_11.qgd,NEXP2_N_201_230724_832023_12.qgd,NEXP2,N,201,230724,832023,12,qgd,2023-08-03T14:50:08Z,skip-rename,1156,NA,2023-07-24
NEXP2_N_201_230724_832023_12.qgd,NEXP2_N_212_230724_832023_13.qgd,NEXP2,N,212,230724,832023,13,qgd,2023-08-03T14:50:08Z,skip-rename,1157,NA,2023-07-24
NEXP2_N_212_230724_832023_13.qgd,NEXP2_N_216_230724_832023_14.qgd,NEXP2,N,216,230724,832023,14,qgd,2023-08-03T14:50:08Z,skip-rename,1158,NA,2023-07-24
NEXP2_N_216_230724_832023_14.qgd,NEXP2_N_213_230724_832023_15.qgd,NEXP2,N,213,230724,832023,15,qgd,2023-08-03T14:50:08Z,skip-rename,1159,NA,2023-07-24
NEXP2_N_213_230724_832023_15.qgd,NEXP2_N_57_230724_832023_16.qgd,NEXP2,N,57,230724,832023,16,qgd,2023-08-03T14:50:08Z,skip-rename,1160,NA,2023-07-24
NA,NEXP2_N_59_230724_832023_17.qgd,NEXP2,N,59,230724,832023,17,qgd,2023-08-03T14:50:08Z,skip-notrun,1161,NA,2023-07-24
NEXP2_N_57_230724_832023_16.qgd,NEXP2_N_58_230724_832023_18.qgd,NEXP2,N,58,230724,832023,18,qgd,2023-08-03T14:50:08Z,skip-rename,1162,NA,2023-07-24
NEXP2_N_59_230724_832023_17.qgd,NEXP2_N_59_230724_832023_19.qgd,NEXP2,N,59,230724,832023,19,qgd,2023-08-03T14:50:08Z,skip-rename,1163,NA,2023-07-24
NEXP2_N_58_230724_832023_18.qgd,NEXP2_N_116_230724_832023_20.qgd,NEXP2,N,116,230724,832023,20,qgd,2023-08-03T14:50:08Z,skip-rename,1164,NA,2023-07-24
NEXP2_N_85_230724_redo_842023_02.qgd,NEXP2_N_85_230724redo_842023_02.qgd,NEXP2,N,85,230724redo,842023,02,qgd,2023-08-04T08:44:02Z,no-skip,1166,NA,2023-07-24
NEXP2_N_15_230724_842023_03.qgd,NEXP2_N_15_230724_842023_03.qgd,NEXP2,N,15,230724,842023,03,qgd,2023-08-04T08:44:02Z,no-skip,1167,NA,2023-07-24
NEXP2_N_209_230724_842023_04.qgd,NEXP2_N_209_230724_842023_04.qgd,NEXP2,N,209,230724,842023,04,qgd,2023-08-04T08:44:02Z,no-skip,1168,NA,2023-07-24
NEXP2_N_203_230724_842023_05.qgd,NEXP2_N_203_230724_842023_05.qgd,NEXP2,N,203,230724,842023,05,qgd,2023-08-04T08:44:02Z,no-skip,1169,NA,2023-07-24
NEXP2_N_207_230724_842023_06.qgd,NEXP2_N_207_230724_842023_06.qgd,NEXP2,N,207,230724,842023,06,qgd,2023-08-04T08:44:02Z,no-skip,1170,NA,2023-07-24
NEXP2_N_77_230724_842023_07.qgd,NEXP2_N_77_230724_842023_07.qgd,NEXP2,N,77,230724,842023,07,qgd,2023-08-04T08:44:02Z,no-skip,1171,NA,2023-07-24
NEXP2_N_80_230724_842023_08.qgd,NEXP2_N_80_230724_842023_08.qgd,NEXP2,N,80,230724,842023,08,qgd,2023-08-04T08:44:02Z,no-skip,1172,NA,2023-07-24
NEXP2_N_78_230724_842023_09.qgd,NEXP2_N_78_230724_842023_09.qgd,NEXP2,N,78,230724,842023,09,qgd,2023-08-04T08:44:02Z,no-skip,1173,NA,2023-07-24
NEXP2_N_79_230724_842023_10.qgd,NEXP2_N_79_230724_842023_10.qgd,NEXP2,N,79,230724,842023,10,qgd,2023-08-04T08:44:02Z,no-skip,1174,NA,2023-07-24
NEXP2_N_97_230724_842023_11.qgd,NEXP2_N_97_230724_842023_11.qgd,NEXP2,N,97,230724,842023,11,qgd,2023-08-04T08:44:02Z,no-skip,1175,NA,2023-07-24
NEXP2_N_86_230724_842023_12.qgd,NEXP2_N_86_230724_842023_12.qgd,NEXP2,N,86,230724,842023,12,qgd,2023-08-04T08:44:02Z,no-skip,1176,NA,2023-07-24
NA,NEXP2_N_88_230724_842023_13.qgd,NEXP2,N,88,230724,842023,13,qgd,2023-08-04T08:44:02Z,skip-notrun,1177,NA,2023-07-24
NEXP2_N_88_230724_842023_13.qgd,NEXP2_N_87_230724_842023_14.qgd,NEXP2,N,87,230724,842023,14,qgd,2023-08-04T08:44:02Z,skip-rename,1178,NA,2023-07-24
NEXP2_N_87_230724_842023_14.qgd,NEXP2_N_96_230724_842023_15.qgd,NEXP2,N,96,230724,842023,15,qgd,2023-08-04T08:44:02Z,skip-rename,1179,NA,2023-07-24
NEXP2_N_96_230724_842023_15.qgd,NEXP2_N_100_230724_842023_16.qgd,NEXP2,N,100,230724,842023,16,qgd,2023-08-04T08:44:02Z,skip-rename,1180,NA,2023-07-24
NEXP2_N_100_230724_842023_16.qgd,NEXP2_N_59_230724redo_842023_17.qgd,NEXP2,N,59,230724redo,842023,17,qgd,2023-08-04T08:44:02Z,skip-rename,1181,NA,2023-07-24
NEXP2_N_59_230724_redo_842023_17.qgd,NEXP2_N_81_230724_842023_18.qgd,NEXP2,N,81,230724,842023,18,qgd,2023-08-04T08:44:02Z,skip-rename,1182,NA,2023-07-24
NEXP2_N_81_230724_842023_18.qgd,NEXP2_N_99_230724_842023_19.qgd,NEXP2,N,99,230724,842023,19,qgd,2023-08-04T08:44:02Z,skip-rename,1183,NA,2023-07-24
NEXP2_N_99_230724_842023_19.qgd,NEXP2_N_95_230724_842023_20.qgd,NEXP2,N,95,230724,842023,20,qgd,2023-08-04T08:44:02Z,skip-rename,1184,NA,2023-07-24
NEXP2_N_130_230724_842023_02.qgd,NEXP2_N_130_230724_842023_02.qgd,NEXP2,N,130,230724,842023,02,qgd,2023-08-04T21:11:01Z,no-skip,1186,NA,2023-07-24
NEXP2_N_119_230724_842023_03.qgd,NEXP2_N_119_230724_842023_03.qgd,NEXP2,N,119,230724,842023,03,qgd,2023-08-04T21:11:01Z,no-skip,1187,NA,2023-07-24
NEXP2_N_98_230724_842023_04.qgd,NEXP2_N_98_230724_842023_04.qgd,NEXP2,N,98,230724,842023,04,qgd,2023-08-04T21:11:01Z,no-skip,1188,NA,2023-07-24
NEXP2_N_89_230724_842023_05.qgd,NEXP2_N_89_230724_842023_05.qgd,NEXP2,N,89,230724,842023,05,qgd,2023-08-04T21:11:01Z,no-skip,1189,NA,2023-07-24
NEXP2_N_126_230724_842023_06.qgd,NEXP2_N_126_230724_842023_06.qgd,NEXP2,N,126,230724,842023,06,qgd,2023-08-04T21:11:01Z,no-skip,1190,NA,2023-07-24
NEXP2_N_206_230724_842023_07.qgd,NEXP2_N_206_230724_842023_07.qgd,NEXP2,N,206,230724,842023,07,qgd,2023-08-04T21:11:01Z,no-skip,1191,NA,2023-07-24
NEXP2_N_219_230724_842023_08.qgd,NEXP2_N_219_230724_842023_08.qgd,NEXP2,N,219,230724,842023,08,qgd,2023-08-04T21:11:01Z,no-skip,1192,NA,2023-07-24
NEXP2_N_204_230724_842023_09.qgd,NEXP2_N_204_230724_842023_09.qgd,NEXP2,N,204,230724,842023,09,qgd,2023-08-04T21:11:01Z,no-skip,1193,NA,2023-07-24
DEXP2_N_17_230724_842023_10.qgd,DEXP2_N_17_230724_842023_10.qgd,DEXP2,N,17,230724,842023,10,qgd,2023-08-04T21:11:01Z,no-skip,1194,NA,2023-07-24
DEXP2_N_26_230724_842023_11.qgd,DEXP2_N_26_230724_842023_11.qgd,DEXP2,N,26,230724,842023,11,qgd,2023-08-04T21:11:01Z,no-skip,1195,NA,2023-07-24
NA,DEXP2_N_25_230724_842023_12.qgd,DEXP2,N,25,230724,842023,12,qgd,2023-08-04T21:11:01Z,skip-notrun,1196,NA,2023-07-24
DEXP2_N_25_230724_842023_12.qgd,DEXP2_N_88_230724redo_842023_13.qgd,DEXP2,N,88,230724redo,842023,13,qgd,2023-08-04T21:11:01Z,skip-rename,1197,NA,2023-07-24
DEXP2_N_88_230724_redo_842023_13.qgd,DEXP2_N_38_230724_842023_14.qgd,DEXP2,N,38,230724,842023,14,qgd,2023-08-04T21:11:01Z,skip-rename,1198,NA,2023-07-24
DEXP2_N_38_230724_842023_14.qgd,DEXP2_N_39_230724_842023_15.qgd,DEXP2,N,39,230724,842023,15,qgd,2023-08-04T21:11:01Z,skip-rename,1199,NA,2023-07-24
DEXP2_N_39_230724_842023_15.qgd,DEXP2_N_40_230724_842023_16.qgd,DEXP2,N,40,230724,842023,16,qgd,2023-08-04T21:11:01Z,skip-rename,1200,NA,2023-07-24
DEXP2_N_40_230724_842023_16.qgd,DEXP2_N_47_230724_842023_17.qgd,DEXP2,N,47,230724,842023,17,qgd,2023-08-04T21:11:01Z,skip-rename,1201,NA,2023-07-24
DEXP2_N_47_230724_842023_17.qgd,DEXP2_N_49_230724_842023_18.qgd,DEXP2,N,49,230724,842023,18,qgd,2023-08-04T21:11:01Z,skip-rename,1202,NA,2023-07-24
DEXP2_N_49_230724_842023_18.qgd,DEXP2_N_48_230724_842023_19.qgd,DEXP2,N,48,230724,842023,19,qgd,2023-08-04T21:11:01Z,skip-rename,1203,NA,2023-07-24
DEXP2_N_48_230724_842023_19.qgd,DEXP2_N_95_230724_842023_20.qgd,DEXP2,N,95,230724,842023,20,qgd,2023-08-04T21:11:01Z,skip-rename,1204,NA,2023-07-24
DEXP2_N_151_230724_852023_02.qgd,DEXP2_N_151_230724_852023_02.qgd,DEXP2,N,151,230724,852023,02,qgd,2023-08-05T10:24:50Z,no-skip,1206,NA,2023-07-24
DEXP2_N_23_230724_852023_03.qgd,DEXP2_N_23_230724_852023_03.qgd,DEXP2,N,23,230724,852023,03,qgd,2023-08-05T10:24:50Z,no-skip,1207,NA,2023-07-24
DEXP2_N_109_230724_852023_04.qgd,DEXP2_N_109_230724_852023_04.qgd,DEXP2,N,109,230724,852023,04,qgd,2023-08-05T10:24:50Z,no-skip,1208,NA,2023-07-24
DEXP2_N_33_230724_852023_05.qgd,DEXP2_N_33_230724_852023_05.qgd,DEXP2,N,33,230724,852023,05,qgd,2023-08-05T10:24:50Z,no-skip,1209,NA,2023-07-24
DEXP2_N_32_230724_852023_06.qgd,DEXP2_N_32_230724_852023_06.qgd,DEXP2,N,32,230724,852023,06,qgd,2023-08-05T10:24:50Z,no-skip,1210,NA,2023-07-24
DEXP2_N_108_230724_852023_07.qgd,DEXP2_N_108_230724_852023_07.qgd,DEXP2,N,108,230724,852023,07,qgd,2023-08-05T10:24:50Z,no-skip,1211,NA,2023-07-24
DEXP2_N_106_230724_852023_08.qgd,DEXP2_N_106_230724_852023_08.qgd,DEXP2,N,106,230724,852023,08,qgd,2023-08-05T10:24:50Z,no-skip,1212,NA,2023-07-24
DEXP2_N_107_230724_852023_09.qgd,DEXP2_N_107_230724_852023_09.qgd,DEXP2,N,107,230724,852023,09,qgd,2023-08-05T10:24:50Z,no-skip,1213,NA,2023-07-24
DEXP2_N_104_230724_852023_10.qgd,DEXP2_N_104_230724_852023_10.qgd,DEXP2,N,104,230724,852023,10,qgd,2023-08-05T10:24:50Z,no-skip,1214,NA,2023-07-24
DEXP2_N_103_230724_852023_11.qgd,DEXP2_N_103_230724_852023_11.qgd,DEXP2,N,103,230724,852023,11,qgd,2023-08-05T10:24:50Z,no-skip,1215,NA,2023-07-24
DEXP2_N_25_230724_redo_852023_12.qgd,DEXP2_N_25_230724redo_852023_12.qgd,DEXP2,N,25,230724redo,852023,12,qgd,2023-08-05T10:24:50Z,no-skip,1216,NA,2023-07-24
DEXP2_N_34_230724_852023_13.qgd,DEXP2_N_34_230724_852023_13.qgd,DEXP2,N,34,230724,852023,13,qgd,2023-08-05T10:24:50Z,no-skip,1217,NA,2023-07-24
NA,DEXP2_N_110_230724_852023_14.qgd,DEXP2,N,110,230724,852023,14,qgd,2023-08-05T10:24:50Z,skip-notrun,1218,NA,2023-07-24
NA,DEXP2_N_41_230724_852023_15.qgd,DEXP2,N,41,230724,852023,15,qgd,2023-08-05T10:24:50Z,skip-notrun,1219,NA,2023-07-24
DEXP2_N_110_230724_852023_14.qgd,DEXP2_N_50_230724_852023_16.qgd,DEXP2,N,50,230724,852023,16,qgd,2023-08-05T10:24:50Z,skip-rename,1220,NA,2023-07-24
DEXP2_N_41_230724_852023_15.qgd,DEXP2_N_21_230724_852023_17.qgd,DEXP2,N,21,230724,852023,17,qgd,2023-08-05T10:24:50Z,skip-rename,1221,NA,2023-07-24
DEXP2_N_50_230724_852023_16.qgd,DEXP2_N_22_230724_852023_18.qgd,DEXP2,N,22,230724,852023,18,qgd,2023-08-05T10:24:50Z,skip-rename,1222,NA,2023-07-24
DEXP2_N_21_230724_852023_17.qgd,DEXP2_N_31_230724_852023_19.qgd,DEXP2,N,31,230724,852023,19,qgd,2023-08-05T10:24:50Z,skip-rename,1223,NA,2023-07-24
DEXP2_N_22_230724_852023_18.qgd,DEXP2_N_42_230724_852023_20.qgd,DEXP2,N,42,230724,852023,20,qgd,2023-08-05T10:24:50Z,skip-rename,1224,NA,2023-07-24
DEXP2_N_91_230724_852023_02.qgd,DEXP2_N_91_230724_852023_02.qgd,DEXP2,N,91,230724,852023,02,qgd,2023-08-05T23:37:45Z,no-skip,1226,NA,2023-07-24
DEXP2_N_60_230724_852023_03.qgd,DEXP2_N_60_230724_852023_03.qgd,DEXP2,N,60,230724,852023,03,qgd,2023-08-05T23:37:45Z,no-skip,1227,NA,2023-07-24
DEXP2_N_36_230724_852023_04.qgd,DEXP2_N_36_230724_852023_04.qgd,DEXP2,N,36,230724,852023,04,qgd,2023-08-05T23:37:45Z,no-skip,1228,NA,2023-07-24
DEXP2_N_35_230724_852023_05.qgd,DEXP2_N_35_230724_852023_05.qgd,DEXP2,N,35,230724,852023,05,qgd,2023-08-05T23:37:45Z,no-skip,1229,NA,2023-07-24
DEXP2_N_69_230724_852023_06.qgd,DEXP2_N_69_230724_852023_06.qgd,DEXP2,N,69,230724,852023,06,qgd,2023-08-05T23:37:45Z,no-skip,1230,NA,2023-07-24
DEXP2_N_57_230724_852023_07.qgd,DEXP2_N_57_230724_852023_07.qgd,DEXP2,N,57,230724,852023,07,qgd,2023-08-05T23:37:45Z,no-skip,1231,NA,2023-07-24
DEXP2_N_70_230724_852023_08.qgd,DEXP2_N_70_230724_852023_08.qgd,DEXP2,N,70,230724,852023,08,qgd,2023-08-05T23:37:45Z,no-skip,1232,NA,2023-07-24
DEXP2_N_59_230724_852023_09.qgd,DEXP2_N_59_230724_852023_09.qgd,DEXP2,N,59,230724,852023,09,qgd,2023-08-05T23:37:45Z,no-skip,1233,NA,2023-07-24
DEXP2_N_58_230724_852023_10.qgd,DEXP2_N_58_230724_852023_10.qgd,DEXP2,N,58,230724,852023,10,qgd,2023-08-05T23:37:45Z,no-skip,1234,NA,2023-07-24
DEXP2_N_67_230724_852023_11.qgd,DEXP2_N_67_230724_852023_11.qgd,DEXP2,N,67,230724,852023,11,qgd,2023-08-05T23:37:45Z,no-skip,1235,NA,2023-07-24
DEXP2_N_110_230724_redo_852023_12.qgd,DEXP2_N_110_230724redo_852023_12.qgd,DEXP2,N,110,230724redo,852023,12,qgd,2023-08-05T23:37:45Z,no-skip,1236,NA,2023-07-24
DEXP2_N_41_230724_redo_852023_13.qgd,DEXP2_N_41_230724redo_852023_13.qgd,DEXP2,N,41,230724redo,852023,13,qgd,2023-08-05T23:37:45Z,no-skip,1237,NA,2023-07-24
DEXP2_N_52_230724_862023_02.qgd,DEXP2_N_52_230724_862023_02.qgd,DEXP2,N,52,230724,862023,02,qgd,2023-08-06T09:58:24Z,no-skip,1239,NA,2023-07-24
DEXP2_N_53_230724_862023_03.qgd,DEXP2_N_53_230724_862023_03.qgd,DEXP2,N,53,230724,862023,03,qgd,2023-08-06T09:58:24Z,no-skip,1240,NA,2023-07-24
DEXP2_N_54_230724_862023_04.qgd,DEXP2_N_54_230724_862023_04.qgd,DEXP2,N,54,230724,862023,04,qgd,2023-08-06T09:58:24Z,no-skip,1241,NA,2023-07-24
DEXP2_N_43_230724_862023_05.qgd,DEXP2_N_43_230724_862023_05.qgd,DEXP2,N,43,230724,862023,05,qgd,2023-08-06T09:58:24Z,leak-blank,1242,NA,2023-07-24
DEXP2_N_44_230724_862023_06.qgd,DEXP2_N_44_230724_862023_06.qgd,DEXP2,N,44,230724,862023,06,qgd,2023-08-06T09:58:24Z,no-skip,1243,NA,2023-07-24
DEXP2_N_45_230724_862023_07.qgd,DEXP2_N_45_230724_862023_07.qgd,DEXP2,N,45,230724,862023,07,qgd,2023-08-06T09:58:24Z,no-skip,1244,NA,2023-07-24
DEXP2_N_46_230724_862023_08.qgd,DEXP2_N_46_230724_862023_08.qgd,DEXP2,N,46,230724,862023,08,qgd,2023-08-06T09:58:24Z,no-skip,1245,NA,2023-07-24
DEXP2_N_51_230724_862023_09.qgd,DEXP2_N_51_230724_862023_09.qgd,DEXP2,N,51,230724,862023,09,qgd,2023-08-06T09:58:24Z,no-skip,1246,NA,2023-07-24
DEXP2_N_68_230724_862023_10.qgd,DEXP2_N_68_230724_862023_10.qgd,DEXP2,N,68,230724,862023,10,qgd,2023-08-06T09:58:24Z,no-skip,1247,NA,2023-07-24
DEXP2_N_114_230724_862023_11.qgd,DEXP2_N_114_230724_862023_11.qgd,DEXP2,N,114,230724,862023,11,qgd,2023-08-06T09:58:24Z,no-skip,1248,NA,2023-07-24
NEXP2_D_451_230728_882023_02.qgd,NEXP2_D_451_230728_882023_02.qgd,NEXP2,D,451,230728,882023,02,qgd,2023-08-08T12:42:50Z,no-skip,1279,NA,2023-07-28
NEXP2_D_450_230728_882023_03.qgd,NEXP2_D_450_230728_882023_03.qgd,NEXP2,D,450,230728,882023,03,qgd,2023-08-08T12:42:50Z,no-skip,1280,NA,2023-07-28
NEXP2_D_442_230728_882023_04.qgd,NEXP2_D_442_230728_882023_04.qgd,NEXP2,D,442,230728,882023,04,qgd,2023-08-08T12:42:50Z,no-skip,1281,NA,2023-07-28
DEXP2_N_43_230724_redo_882023_05.qgd,DEXP2_N_43_230724redo_882023_05.qgd,DEXP2,N,43,230724redo,882023,05,qgd,2023-08-08T12:42:50Z,no-skip,1282,NA,2023-07-24
NEXP2_D_443_230728_882023_06.qgd,NEXP2_D_443_230728_882023_06.qgd,NEXP2,D,443,230728,882023,06,qgd,2023-08-08T12:42:50Z,no-skip,1283,NA,2023-07-28
NEXP2_D_446_230728_882023_07.qgd,NEXP2_D_446_230728_882023_07.qgd,NEXP2,D,446,230728,882023,07,qgd,2023-08-08T12:42:50Z,no-skip,1284,NA,2023-07-28
NEXP2_D_445_230728_882023_08.qgd,NEXP2_D_445_230728_882023_08.qgd,NEXP2,D,445,230728,882023,08,qgd,2023-08-08T12:42:50Z,no-skip,1285,NA,2023-07-28
NEXP2_D_449_230728_882023_09.qgd,NEXP2_D_449_230728_882023_09.qgd,NEXP2,D,449,230728,882023,09,qgd,2023-08-08T12:42:50Z,no-skip,1286,NA,2023-07-28
NEXP2_D_447_230728_882023_10.qgd,NEXP2_D_447_230728_882023_10.qgd,NEXP2,D,447,230728,882023,10,qgd,2023-08-08T12:42:50Z,no-skip,1287,NA,2023-07-28
NEXP2_D_440_230728_882023_11.qgd,NEXP2_D_440_230728_882023_11.qgd,NEXP2,D,440,230728,882023,11,qgd,2023-08-08T12:42:50Z,no-skip,1288,NA,2023-07-28
NEXP2_D_441_230728_882023_12.qgd,NEXP2_D_441_230728_882023_12.qgd,NEXP2,D,441,230728,882023,12,qgd,2023-08-08T12:42:50Z,no-skip,1289,NA,2023-07-28
NEXP2_D_448_230728_882023_13.qgd,NEXP2_D_448_230728_882023_13.qgd,NEXP2,D,448,230728,882023,13,qgd,2023-08-08T12:42:50Z,no-skip,1290,NA,2023-07-28
NEXP2_D_444_230728_882023_14.qgd,NEXP2_D_444_230728_882023_14.qgd,NEXP2,D,444,230728,882023,14,qgd,2023-08-08T12:42:50Z,no-skip,1291,NA,2023-07-28
NEXP2_D_455_230728_882023_15.qgd,NEXP2_D_455_230728_882023_15.qgd,NEXP2,D,455,230728,882023,15,qgd,2023-08-08T12:42:50Z,no-skip,1292,NA,2023-07-28
NEXP2_D_458_230728_882023_16.qgd,NEXP2_D_458_230728_882023_16.qgd,NEXP2,D,458,230728,882023,16,qgd,2023-08-08T12:42:50Z,no-skip,1293,NA,2023-07-28
NEXP2_D_454_230728_882023_17.qgd,NEXP2_D_454_230728_882023_17.qgd,NEXP2,D,454,230728,882023,17,qgd,2023-08-08T12:42:50Z,no-skip,1294,NA,2023-07-28
NEXP2_D_452_230728_882023_18.qgd,NEXP2_D_452_230728_882023_18.qgd,NEXP2,D,452,230728,882023,18,qgd,2023-08-08T12:42:50Z,no-skip,1295,NA,2023-07-28
NEXP2_D_453_230728_882023_19.qgd,NEXP2_D_453_230728_882023_19.qgd,NEXP2,D,453,230728,882023,19,qgd,2023-08-08T12:42:50Z,no-skip,1296,NA,2023-07-28
NEXP2_D_457_230728_882023_20.qgd,NEXP2_D_457_230728_882023_20.qgd,NEXP2,D,457,230728,882023,20,qgd,2023-08-08T12:42:50Z,leak-blank,1297,NA,2023-07-28
NEXP2_D_456_230728_882023_21.qgd,NEXP2_D_456_230728_882023_21.qgd,NEXP2,D,456,230728,882023,21,qgd,2023-08-08T12:42:50Z,no-skip,1298,NA,2023-07-28
NEXP2_D_237_230728_882023_22.qgd,NEXP2_D_237_230728_882023_22.qgd,NEXP2,D,237,230728,882023,22,qgd,2023-08-08T12:42:50Z,no-skip,1299,NA,2023-07-28
NEXP2_D_482_230728_882023_23.qgd,NEXP2_D_482_230728_882023_23.qgd,NEXP2,D,482,230728,882023,23,qgd,2023-08-08T12:42:50Z,no-skip,1300,NA,2023-07-28
NEXP2_D_240_230728_882023_24.qgd,NEXP2_D_240_230728_882023_24.qgd,NEXP2,D,240,230728,882023,24,qgd,2023-08-08T12:42:50Z,no-skip,1301,NA,2023-07-28
NEXP2_D_559_230728_882023_25.qgd,NEXP2_D_559_230728_882023_25.qgd,NEXP2,D,559,230728,882023,25,qgd,2023-08-08T12:42:50Z,no-skip,1302,NA,2023-07-28
NEXP2_D_480_230728_882023_26.qgd,NEXP2_D_480_230728_882023_26.qgd,NEXP2,D,480,230728,882023,26,qgd,2023-08-08T12:42:50Z,no-skip,1303,NA,2023-07-28
NEXP2_D_239_230728_882023_27.qgd,NEXP2_D_239_230728_882023_27.qgd,NEXP2,D,239,230728,882023,27,qgd,2023-08-08T12:42:50Z,no-skip,1304,NA,2023-07-28
NEXP2_D_483_230728_892023_02.qgd,NEXP2_D_483_230728_892023_02.qgd,NEXP2,D,483,230728,892023,02,qgd,2023-08-09T08:45:31Z,no-skip,1306,NA,2023-07-28
NEXP2_D_238_230728_892023_03.qgd,NEXP2_D_238_230728_892023_03.qgd,NEXP2,D,238,230728,892023,03,qgd,2023-08-09T08:45:31Z,no-skip,1307,NA,2023-07-28
NEXP2_D_481_230728_892023_04.qgd,NEXP2_D_481_230728_892023_04.qgd,NEXP2,D,481,230728,892023,04,qgd,2023-08-09T08:45:31Z,no-skip,1308,NA,2023-07-28
NEXP2_D_485_230728_892023_05.qgd,NEXP2_D_485_230728_892023_05.qgd,NEXP2,D,485,230728,892023,05,qgd,2023-08-09T08:45:31Z,no-skip,1309,NA,2023-07-28
NEXP2_D_486_230728_892023_06.qgd,NEXP2_D_486_230728_892023_06.qgd,NEXP2,D,486,230728,892023,06,qgd,2023-08-09T08:45:31Z,no-skip,1310,NA,2023-07-28
NEXP2_D_241_230728_892023_07.qgd,NEXP2_D_241_230728_892023_07.qgd,NEXP2,D,241,230728,892023,07,qgd,2023-08-09T08:45:31Z,no-skip,1311,NA,2023-07-28
NA,NEXP2_D_242_230728_892023_08.qgd,NEXP2,D,242,230728,892023,08,qgd,2023-08-09T08:45:31Z,skip-notrun,1312,NA,2023-07-28
NEXP2_D_242_230728_892023_08.qgd,NEXP2_D_243_230728_892023_09.qgd,NEXP2,D,243,230728,892023,09,qgd,2023-08-09T08:45:31Z,skip-rename,1313,NA,2023-07-28
NEXP2_D_243_230728_892023_09.qgd,NEXP2_D_244_230728_892023_10.qgd,NEXP2,D,244,230728,892023,10,qgd,2023-08-09T08:45:31Z,skip-rename,1314,NA,2023-07-28
NEXP2_D_244_230728_892023_10.qgd,NEXP2_D_245_230728_892023_11.qgd,NEXP2,D,245,230728,892023,11,qgd,2023-08-09T08:45:31Z,skip-rename,1315,NA,2023-07-28
NEXP2_D_245_230728_892023_11.qgd,NEXP2_D_246_230728_892023_12.qgd,NEXP2,D,246,230728,892023,12,qgd,2023-08-09T08:45:31Z,skip-rename,1316,NA,2023-07-28
NEXP2_D_246_230728_892023_12.qgd,NEXP2_D_247_230728_892023_13.qgd,NEXP2,D,247,230728,892023,13,qgd,2023-08-09T08:45:31Z,skip-rename,1317,NA,2023-07-28
NEXP2_D_247_230728_892023_13.qgd,NEXP2_D_248_230728_892023_14.qgd,NEXP2,D,248,230728,892023,14,qgd,2023-08-09T08:45:31Z,skip-rename,1318,NA,2023-07-28
NEXP2_D_248_230728_892023_14.qgd,NEXP2_D_249_230728_892023_15.qgd,NEXP2,D,249,230728,892023,15,qgd,2023-08-09T08:45:31Z,skip-rename,1319,NA,2023-07-28
NEXP2_D_249_230728_892023_15.qgd,NEXP2_D_430_230728_892023_16.qgd,NEXP2,D,430,230728,892023,16,qgd,2023-08-09T08:45:31Z,skip-rename,1320,NA,2023-07-28
NEXP2_D_430_230728_892023_16.qgd,NEXP2_D_250_230728_892023_17.qgd,NEXP2,D,250,230728,892023,17,qgd,2023-08-09T08:45:31Z,skip-rename,1321,NA,2023-07-28
NEXP2_D_250_230728_892023_17.qgd,NEXP2_D_466_230728_892023_18.qgd,NEXP2,D,466,230728,892023,18,qgd,2023-08-09T08:45:31Z,skip-rename,1322,NA,2023-07-28
NEXP2_D_466_230728_892023_18.qgd,NEXP2_D_457_230728_892023_19.qgd,NEXP2,D,457,230728,892023,19,qgd,2023-08-09T08:45:31Z,skip-rename,1323,NA,2023-07-28
NEXP2_D_467_230728_892023_02.qgd,NEXP2_D_467_230728_892023_02.qgd,NEXP2,D,467,230728,892023,02,qgd,2023-08-09T21:15:31Z,no-skip,1325,NA,2023-07-28
NEXP2_D_470_230728_892023_03.qgd,NEXP2_D_470_230728_892023_03.qgd,NEXP2,D,470,230728,892023,03,qgd,2023-08-09T21:15:31Z,no-skip,1326,NA,2023-07-28
NEXP2_D_469_230728_892023_04.qgd,NEXP2_D_469_230728_892023_04.qgd,NEXP2,D,469,230728,892023,04,qgd,2023-08-09T21:15:31Z,no-skip,1327,NA,2023-07-28
NEXP2_D_468_230728_892023_05.qgd,NEXP2_D_468_230728_892023_05.qgd,NEXP2,D,468,230728,892023,05,qgd,2023-08-09T21:15:31Z,leak-blank,1328,NA,2023-07-28
NEXP2_D_421_230728_892023_06.qgd,NEXP2_D_421_230728_892023_06.qgd,NEXP2,D,421,230728,892023,06,qgd,2023-08-09T21:15:31Z,no-skip,1329,NA,2023-07-28
NEXP2_D_429_230728_892023_07.qgd,NEXP2_D_429_230728_892023_07.qgd,NEXP2,D,429,230728,892023,07,qgd,2023-08-09T21:15:31Z,no-skip,1330,NA,2023-07-28
NEXP2_D_242_230728_redo_892023_08.qgd,NEXP2_D_242_230728redo_892023_08.qgd,NEXP2,D,242,230728redo,892023,08,qgd,2023-08-09T21:15:31Z,no-skip,1331,NA,2023-07-28
NEXP2_D_433_230728_892023_09.qgd,NEXP2_D_433_230728_892023_09.qgd,NEXP2,D,433,230728,892023,09,qgd,2023-08-09T21:15:31Z,no-skip,1332,NA,2023-07-28
NEXP2_D_420_230728_892023_10.qgd,NEXP2_D_420_230728_892023_10.qgd,NEXP2,D,420,230728,892023,10,qgd,2023-08-09T21:15:31Z,no-skip,1333,NA,2023-07-28
NEXP2_D_428_230728_892023_11.qgd,NEXP2_D_428_230728_892023_11.qgd,NEXP2,D,428,230728,892023,11,qgd,2023-08-09T21:15:31Z,no-skip,1334,NA,2023-07-28
NEXP2_D_426_230728_892023_12.qgd,NEXP2_D_426_230728_892023_12.qgd,NEXP2,D,426,230728,892023,12,qgd,2023-08-09T21:15:31Z,no-skip,1335,NA,2023-07-28
NEXP2_D_439_230728_892023_13.qgd,NEXP2_D_439_230728_892023_13.qgd,NEXP2,D,439,230728,892023,13,qgd,2023-08-09T21:15:31Z,no-skip,1336,NA,2023-07-28
NEXP2_D_423_230728_892023_14.qgd,NEXP2_D_423_230728_892023_14.qgd,NEXP2,D,423,230728,892023,14,qgd,2023-08-09T21:15:31Z,leak-blank,1337,NA,2023-07-28
NEXP2_D_432_230728_892023_15.qgd,NEXP2_D_432_230728_892023_15.qgd,NEXP2,D,432,230728,892023,15,qgd,2023-08-09T21:15:31Z,no-skip,1338,NA,2023-07-28
NEXP2_D_410_230728_892023_16.qgd,NEXP2_D_410_230728_892023_16.qgd,NEXP2,D,410,230728,892023,16,qgd,2023-08-09T21:15:31Z,no-skip,1339,NA,2023-07-28
NEXP2_D_434_230728_8102023_02.qgd,NEXP2_D_434_230728_8102023_02.qgd,NEXP2,D,434,230728,8102023,02,qgd,2023-08-10T08:19:23Z,no-skip,1341,NA,2023-07-28
NEXP2_D_431_230728_8102023_03.qgd,NEXP2_D_431_230728_8102023_03.qgd,NEXP2,D,431,230728,8102023,03,qgd,2023-08-10T08:19:23Z,no-skip,1342,NA,2023-07-28
NEXP2_D_424_230728_8102023_04.qgd,NEXP2_D_424_230728_8102023_04.qgd,NEXP2,D,424,230728,8102023,04,qgd,2023-08-10T08:19:23Z,no-skip,1343,NA,2023-07-28
NEXP2_D_468_230728_redo_8102023_05.qgd,NEXP2_D_468_230728redo_8102023_05.qgd,NEXP2,D,468,230728redo,8102023,05,qgd,2023-08-10T08:19:23Z,leak-blank,1344,NA,2023-07-28
NEXP2_D_435_230728_8102023_06.qgd,NEXP2_D_435_230728_8102023_06.qgd,NEXP2,D,435,230728,8102023,06,qgd,2023-08-10T08:19:23Z,no-skip,1345,NA,2023-07-28
NEXP2_D_438_230728_8102023_07.qgd,NEXP2_D_438_230728_8102023_07.qgd,NEXP2,D,438,230728,8102023,07,qgd,2023-08-10T08:19:23Z,no-skip,1346,NA,2023-07-28
NEXP2_D_437_230728_8102023_08.qgd,NEXP2_D_437_230728_8102023_08.qgd,NEXP2,D,437,230728,8102023,08,qgd,2023-08-10T08:19:23Z,no-skip,1347,NA,2023-07-28
NEXP2_D_436_230728_8102023_09.qgd,NEXP2_D_436_230728_8102023_09.qgd,NEXP2,D,436,230728,8102023,09,qgd,2023-08-10T08:19:23Z,no-skip,1348,NA,2023-07-28
NEXP2_D_484_230728_8102023_10.qgd,NEXP2_D_484_230728_8102023_10.qgd,NEXP2,D,484,230728,8102023,10,qgd,2023-08-10T08:19:23Z,no-skip,1349,NA,2023-07-28
NEXP2_D_461_230728_8102023_11.qgd,NEXP2_D_461_230728_8102023_11.qgd,NEXP2,D,461,230728,8102023,11,qgd,2023-08-10T08:19:23Z,no-skip,1350,NA,2023-07-28
NEXP2_D_463_230728_8102023_12.qgd,NEXP2_D_463_230728_8102023_12.qgd,NEXP2,D,463,230728,8102023,12,qgd,2023-08-10T08:19:23Z,no-skip,1351,NA,2023-07-28
NEXP2_D_465_230728_8102023_13.qgd,NEXP2_D_465_230728_8102023_13.qgd,NEXP2,D,465,230728,8102023,13,qgd,2023-08-10T08:19:23Z,no-skip,1352,NA,2023-07-28
NEXP2_D_423_230728_redo_8102023_14.qgd,NEXP2_D_423_230728redo_8102023_14.qgd,NEXP2,D,423,230728redo,8102023,14,qgd,2023-08-10T08:19:23Z,no-skip,1353,NA,2023-07-28
NEXP2_D_464_230728_8102023_15.qgd,NEXP2_D_464_230728_8102023_15.qgd,NEXP2,D,464,230728,8102023,15,qgd,2023-08-10T08:19:23Z,no-skip,1354,NA,2023-07-28
NEXP2_D_462_230728_8102023_16.qgd,NEXP2_D_462_230728_8102023_16.qgd,NEXP2,D,462,230728,8102023,16,qgd,2023-08-10T08:19:23Z,no-skip,1355,NA,2023-07-28
NEXP2_D_460_230729_8102023_17.qgd,NEXP2_D_460_230729_8102023_17.qgd,NEXP2,D,460,230729,8102023,17,qgd,2023-08-10T08:19:23Z,no-skip,1356,NA,2023-07-29
NEXP2_D_474_230730_8102023_18.qgd,NEXP2_D_474_230730_8102023_18.qgd,NEXP2,D,474,230730,8102023,18,qgd,2023-08-10T08:19:23Z,no-skip,1357,NA,2023-07-30
NEXP2_D_479_230731_8102023_19.qgd,NEXP2_D_479_230731_8102023_19.qgd,NEXP2,D,479,230731,8102023,19,qgd,2023-08-10T08:19:23Z,no-skip,1358,NA,2023-07-31
NEXP2_D_472_230732_8102023_20.qgd,NEXP2_D_472_230732_8102023_20.qgd,NEXP2,D,472,230732,8102023,20,qgd,2023-08-10T08:19:23Z,no-skip,1359,NA,NA
NEXP2_D_478_230728_8102023_02.qgd,NEXP2_D_478_230728_8102023_02.qgd,NEXP2,D,478,230728,8102023,02,qgd,2023-08-10T19:38:09Z,no-skip,1361,NA,2023-07-28
NEXP2_D_489_230728_8102023_03.qgd,NEXP2_D_489_230728_8102023_03.qgd,NEXP2,D,489,230728,8102023,03,qgd,2023-08-10T19:38:09Z,no-skip,1362,NA,2023-07-28
NEXP2_D_487_230728_8102023_04.qgd,NEXP2_D_487_230728_8102023_04.qgd,NEXP2,D,487,230728,8102023,04,qgd,2023-08-10T19:38:09Z,no-skip,1363,NA,2023-07-28
NEXP2_D_468_230728_redo2_8102023_05.qgd,NEXP2_D_468_230728redo2_8102023_05.qgd,NEXP2,D,468,230728redo2,8102023,05,qgd,2023-08-10T19:38:09Z,leak-blank,1364,NA,NA
NEXP2_D_488_230728_8102023_06.qgd,NEXP2_D_488_230728_8102023_06.qgd,NEXP2,D,488,230728,8102023,06,qgd,2023-08-10T19:38:09Z,no-skip,1365,NA,2023-07-28
NEXP2_D_475_230728_8102023_07.qgd,NEXP2_D_475_230728_8102023_07.qgd,NEXP2,D,475,230728,8102023,07,qgd,2023-08-10T19:38:09Z,no-skip,1366,NA,2023-07-28
NEXP2_D_476_230728_8102023_08.qgd,NEXP2_D_476_230728_8102023_08.qgd,NEXP2,D,476,230728,8102023,08,qgd,2023-08-10T19:38:09Z,no-skip,1367,NA,2023-07-28
NEXP2_D_473_230728_8102023_09.qgd,NEXP2_D_473_230728_8102023_09.qgd,NEXP2,D,473,230728,8102023,09,qgd,2023-08-10T19:38:09Z,no-skip,1368,NA,2023-07-28
NEXP2_D_477_230728_8102023_10.qgd,NEXP2_D_477_230728_8102023_10.qgd,NEXP2,D,477,230728,8102023,10,qgd,2023-08-10T19:38:09Z,leak-blank,1369,NA,2023-07-28
NEXP2_D_376_230731_8102023_11.qgd,NEXP2_D_376_230731_8102023_11.qgd,NEXP2,D,376,230731,8102023,11,qgd,2023-08-10T19:38:09Z,no-skip,1370,NA,2023-07-31
NEXP2_D_374_230731_8102023_12.qgd,NEXP2_D_374_230731_8102023_12.qgd,NEXP2,D,374,230731,8102023,12,qgd,2023-08-10T19:38:09Z,no-skip,1371,NA,2023-07-31
NA,NEXP2_D_375_230731_8102023_13.qgd,NEXP2,D,375,230731,8102023,13,qgd,2023-08-10T19:38:09Z,skip-notrun,1372,NA,2023-07-31
NEXP2_D_375_230731_8102023_13.qgd,NEXP2_D_367_230731_8102023_14.qgd,NEXP2,D,367,230731,8102023,14,qgd,2023-08-10T19:38:09Z,skip-rename,1373,NA,2023-07-31
NEXP2_D_367_230731_8102023_14.qgd,NEXP2_D_309_230731_8102023_15.qgd,NEXP2,D,309,230731,8102023,15,qgd,2023-08-10T19:38:09Z,skip-rename,1374,NA,2023-07-31
NA,NEXP2_D_319_230731_8102023_16.qgd,NEXP2,D,319,230731,8102023,16,qgd,2023-08-10T19:38:09Z,skip-notrun,1375,NA,2023-07-31
NEXP2_D_309_230731_8102023_15.qgd,NEXP2_D_377_230731_8102023_17.qgd,NEXP2,D,377,230731,8102023,17,qgd,2023-08-10T19:38:09Z,skip-rename,1376,NA,2023-07-31
NEXP2_D_319_230731_8102023_16.qgd,NEXP2_D_366_230731_8102023_18.qgd,NEXP2,D,366,230731,8102023,18,qgd,2023-08-10T19:38:09Z,skip-rename,1377,NA,2023-07-31
NEXP2_D_377_230731_8102023_17.qgd,NEXP2_D_365_230731_8102023_19.qgd,NEXP2,D,365,230731,8102023,19,qgd,2023-08-10T19:38:09Z,skip-rename,1378,NA,2023-07-31
NEXP2_D_366_230731_8102023_18.qgd,NEXP2_D_348_230731_8102023_20.qgd,NEXP2,D,348,230731,8102023,20,qgd,2023-08-10T19:38:09Z,skip-rename,1379,NA,2023-07-31
NEXP2_D_352_230731_8112023_02.qgd,NEXP2_D_352_230731_8112023_02.qgd,NEXP2,D,352,230731,8112023,02,qgd,2023-08-11T08:46:13Z,no-skip,1381,NA,2023-07-31
NEXP2_D_339_230731_8112023_03.qgd,NEXP2_D_339_230731_8112023_03.qgd,NEXP2,D,339,230731,8112023,03,qgd,2023-08-11T08:46:13Z,no-skip,1382,NA,2023-07-31
NEXP2_D_335_230731_8112023_04.qgd,NEXP2_D_335_230731_8112023_04.qgd,NEXP2,D,335,230731,8112023,04,qgd,2023-08-11T08:46:13Z,no-skip,1383,NA,2023-07-31
NEXP2_D_468_230731_redo3_8112023_05.qgd,NEXP2_D_468_230731redo3_8112023_05.qgd,NEXP2,D,468,230731redo3,8112023,05,qgd,2023-08-11T08:46:13Z,no-skip,1384,NA,NA
NEXP2_D_347_230731_8112023_06.qgd,NEXP2_D_347_230731_8112023_06.qgd,NEXP2,D,347,230731,8112023,06,qgd,2023-08-11T08:46:13Z,no-skip,1385,NA,2023-07-31
NEXP2_D_340_230731_8112023_07.qgd,NEXP2_D_340_230731_8112023_07.qgd,NEXP2,D,340,230731,8112023,07,qgd,2023-08-11T08:46:13Z,no-skip,1386,NA,2023-07-31
NEXP2_D_334_230731_8112023_08.qgd,NEXP2_D_334_230731_8112023_08.qgd,NEXP2,D,334,230731,8112023,08,qgd,2023-08-11T08:46:13Z,no-skip,1387,NA,2023-07-31
NEXP2_D_477_230731_redo_8112023_09.qgd,NEXP2_D_477_230731redo_8112023_09.qgd,NEXP2,D,477,230731redo,8112023,09,qgd,2023-08-11T08:46:13Z,no-skip,1388,NA,2023-07-31
NEXP2_D_333_230731_8112023_10.qgd,NEXP2_D_333_230731_8112023_10.qgd,NEXP2,D,333,230731,8112023,10,qgd,2023-08-11T08:46:13Z,no-skip,1389,NA,2023-07-31
NEXP2_D_332_230731_8112023_11.qgd,NEXP2_D_332_230731_8112023_11.qgd,NEXP2,D,332,230731,8112023,11,qgd,2023-08-11T08:46:13Z,no-skip,1390,NA,2023-07-31
NEXP2_D_375_230731_redo_8112023_12.qgd,NEXP2_D_375_230731redo_8112023_12.qgd,NEXP2,D,375,230731redo,8112023,12,qgd,2023-08-11T08:46:13Z,no-skip,1391,NA,2023-07-31
NEXP2_D_353_230731_8112023_13.qgd,NEXP2_D_353_230731_8112023_13.qgd,NEXP2,D,353,230731,8112023,13,qgd,2023-08-11T08:46:13Z,no-skip,1392,NA,2023-07-31
NEXP2_D_373_230731_8112023_14.qgd,NEXP2_D_373_230731_8112023_14.qgd,NEXP2,D,373,230731,8112023,14,qgd,2023-08-11T08:46:13Z,no-skip,1393,NA,2023-07-31
NEXP2_D_319_230731_redo_8112023_15.qgd,NEXP2_D_319_230731redo_8112023_15.qgd,NEXP2,D,319,230731redo,8112023,15,qgd,2023-08-11T08:46:13Z,no-skip,1394,NA,2023-07-31
NEXP2_D_322_230731_8112023_16.qgd,NEXP2_D_322_230731_8112023_16.qgd,NEXP2,D,322,230731,8112023,16,qgd,2023-08-11T08:46:13Z,no-skip,1395,NA,2023-07-31
NEXP2_D_321_230731_8112023_17.qgd,NEXP2_D_321_230731_8112023_17.qgd,NEXP2,D,321,230731,8112023,17,qgd,2023-08-11T08:46:13Z,no-skip,1396,NA,2023-07-31
NEXP2_D_355_230731_8112023_18.qgd,NEXP2_D_355_230731_8112023_18.qgd,NEXP2,D,355,230731,8112023,18,qgd,2023-08-11T08:46:13Z,no-skip,1397,NA,2023-07-31
NEXP2_D_320_230731_8112023_19.qgd,NEXP2_D_320_230731_8112023_19.qgd,NEXP2,D,320,230731,8112023,19,qgd,2023-08-11T08:46:13Z,no-skip,1398,NA,2023-07-31
NEXP2_D_324_230731_8152023_02.qgd,NEXP2_D_324_230731_8152023_02.qgd,NEXP2,D,324,230731,8152023,02,qgd,2023-08-15T17:46:38Z,no-skip,1475,NA,2023-07-31
NEXP2_D_356_230731_8152023_03.qgd,NEXP2_D_356_230731_8152023_03.qgd,NEXP2,D,356,230731,8152023,03,qgd,2023-08-15T17:46:38Z,no-skip,1476,NA,2023-07-31
NEXP2_D_325_230731_8152023_04.qgd,NEXP2_D_325_230731_8152023_04.qgd,NEXP2,D,325,230731,8152023,04,qgd,2023-08-15T17:46:38Z,no-skip,1477,NA,2023-07-31
NEXP2_D_357_230731_8152023_05.qgd,NEXP2_D_357_230731_8152023_05.qgd,NEXP2,D,357,230731,8152023,05,qgd,2023-08-15T17:46:38Z,leak-blank,1478,NA,2023-07-31
NEXP2_D_323_230731_8152023_06.qgd,NEXP2_D_323_230731_8152023_06.qgd,NEXP2,D,323,230731,8152023,06,qgd,2023-08-15T17:46:38Z,no-skip,1479,NA,2023-07-31
NEXP2_D_354_230731_8152023_07.qgd,NEXP2_D_354_230731_8152023_07.qgd,NEXP2,D,354,230731,8152023,07,qgd,2023-08-15T17:46:38Z,no-skip,1480,NA,2023-07-31
NEXP2_D_371_230731_8152023_08.qgd,NEXP2_D_371_230731_8152023_08.qgd,NEXP2,D,371,230731,8152023,08,qgd,2023-08-15T17:46:38Z,no-skip,1481,NA,2023-07-31
NEXP2_D_368_230731_8152023_09.qgd,NEXP2_D_368_230731_8152023_09.qgd,NEXP2,D,368,230731,8152023,09,qgd,2023-08-15T17:46:38Z,no-skip,1482,NA,2023-07-31
NEXP2_D_370_230731_8152023_10.qgd,NEXP2_D_370_230731_8152023_10.qgd,NEXP2,D,370,230731,8152023,10,qgd,2023-08-15T17:46:38Z,no-skip,1483,NA,2023-07-31
NEXP2_D_369_230731_8152023_11.qgd,NEXP2_D_369_230731_8152023_11.qgd,NEXP2,D,369,230731,8152023,11,qgd,2023-08-15T17:46:38Z,no-skip,1484,NA,2023-07-31
NEXP2_D_345_230731_8152023_12.qgd,NEXP2_D_345_230731_8152023_12.qgd,NEXP2,D,345,230731,8152023,12,qgd,2023-08-15T17:46:38Z,no-skip,1485,NA,2023-07-31
NEXP2_D_331_230731_8152023_13.qgd,NEXP2_D_331_230731_8152023_13.qgd,NEXP2,D,331,230731,8152023,13,qgd,2023-08-15T17:46:38Z,leak-blank,1486,NA,2023-07-31
NEXP2_D_363_230731_8152023_14.qgd,NEXP2_D_363_230731_8152023_14.qgd,NEXP2,D,363,230731,8152023,14,qgd,2023-08-15T17:46:38Z,no-skip,1487,NA,2023-07-31
NEXP2_D_364_230731_8152023_15.qgd,NEXP2_D_364_230731_8152023_15.qgd,NEXP2,D,364,230731,8152023,15,qgd,2023-08-15T17:46:38Z,no-skip,1488,NA,2023-07-31
NEXP2_D_344_230731_8152023_16.qgd,NEXP2_D_344_230731_8152023_16.qgd,NEXP2,D,344,230731,8152023,16,qgd,2023-08-15T17:46:38Z,no-skip,1489,NA,2023-07-31
NEXP2_D_362_230731_8152023_17.qgd,NEXP2_D_362_230731_8152023_17.qgd,NEXP2,D,362,230731,8152023,17,qgd,2023-08-15T17:46:38Z,no-skip,1490,NA,2023-07-31
NEXP2_D_329_230731_8152023_18.qgd,NEXP2_D_329_230731_8152023_18.qgd,NEXP2,D,329,230731,8152023,18,qgd,2023-08-15T17:46:38Z,no-skip,1491,NA,2023-07-31
NEXP2_D_328_230731_8152023_19.qgd,NEXP2_D_328_230731_8152023_19.qgd,NEXP2,D,328,230731,8152023,19,qgd,2023-08-15T17:46:38Z,no-skip,1492,NA,2023-07-31
NEXP2_D_346_230731_8152023_20.qgd,NEXP2_D_346_230731_8152023_20.qgd,NEXP2,D,346,230731,8152023,20,qgd,2023-08-15T17:46:38Z,no-skip,1493,NA,2023-07-31
NEXP2_D_357_230731_redo_8162023_21.qgd,NEXP2_D_357_230731redo_8162023_21.qgd,NEXP2,D,357,230731redo,8162023,21,qgd,2023-08-16T10:35:18Z,no-skip,1494,NA,2023-07-31
NEXP2_D_331_230731_redo_8162023_22.qgd,NEXP2_D_331_230731redo_8162023_22.qgd,NEXP2,D,331,230731redo,8162023,22,qgd,2023-08-16T10:35:18Z,no-skip,1495,NA,2023-07-31
NEXP2_D_300_230731_8182023_02.qgd,NEXP2_D_300_230731_8182023_02.qgd,NEXP2,D,300,230731,8182023,02,qgd,2023-08-18T18:10:57Z,no-skip,1541,NA,2023-07-31
NEXP2_D_301_230731_8182023_03.qgd,NEXP2_D_301_230731_8182023_03.qgd,NEXP2,D,301,230731,8182023,03,qgd,2023-08-18T18:10:57Z,no-skip,1542,NA,2023-07-31
NEXP2_D_307_230731_8182023_04.qgd,NEXP2_D_307_230731_8182023_04.qgd,NEXP2,D,307,230731,8182023,04,qgd,2023-08-18T18:10:57Z,no-skip,1543,NA,2023-07-31
NEXP2_D_311_230731_8182023_05.qgd,NEXP2_D_311_230731_8182023_05.qgd,NEXP2,D,311,230731,8182023,05,qgd,2023-08-18T18:10:57Z,no-skip,1544,NA,2023-07-31
NEXP2_D_302_230731_8182023_06.qgd,NEXP2_D_302_230731_8182023_06.qgd,NEXP2,D,302,230731,8182023,06,qgd,2023-08-18T18:10:57Z,no-skip,1545,NA,2023-07-31
NEXP2_D_305_230731_8182023_07.qgd,NEXP2_D_305_230731_8182023_07.qgd,NEXP2,D,305,230731,8182023,07,qgd,2023-08-18T18:10:57Z,no-skip,1546,NA,2023-07-31
NEXP2_D_312_230731_8182023_08.qgd,NEXP2_D_312_230731_8182023_08.qgd,NEXP2,D,312,230731,8182023,08,qgd,2023-08-18T18:10:57Z,no-skip,1547,NA,2023-07-31
NEXP2_D_310_230731_8182023_09.qgd,NEXP2_D_310_230731_8182023_09.qgd,NEXP2,D,310,230731,8182023,09,qgd,2023-08-18T18:10:57Z,no-skip,1548,NA,2023-07-31
NEXP2_D_303_230731_8182023_10.qgd,NEXP2_D_303_230731_8182023_10.qgd,NEXP2,D,303,230731,8182023,10,qgd,2023-08-18T18:10:57Z,no-skip,1549,NA,2023-07-31
NEXP2_D_308_230731_8182023_11.qgd,NEXP2_D_308_230731_8182023_11.qgd,NEXP2,D,308,230731,8182023,11,qgd,2023-08-18T18:10:57Z,no-skip,1550,NA,2023-07-31
NEXP2_D_318_230731_8182023_12.qgd,NEXP2_D_318_230731_8182023_12.qgd,NEXP2,D,318,230731,8182023,12,qgd,2023-08-18T18:10:57Z,no-skip,1551,NA,2023-07-31
NEXP2_D_304_230731_8182023_13.qgd,NEXP2_D_304_230731_8182023_13.qgd,NEXP2,D,304,230731,8182023,13,qgd,2023-08-18T18:10:57Z,no-skip,1552,NA,2023-07-31
NEXP2_D_306_230731_8182023_14.qgd,NEXP2_D_306_230731_8182023_14.qgd,NEXP2,D,306,230731,8182023,14,qgd,2023-08-18T18:10:57Z,no-skip,1553,NA,2023-07-31
NEXP2_D_314_230731_8182023_15.qgd,NEXP2_D_314_230731_8182023_15.qgd,NEXP2,D,314,230731,8182023,15,qgd,2023-08-18T18:10:57Z,no-skip,1554,NA,2023-07-31
NEXP2_D_317_230731_8182023_16.qgd,NEXP2_D_317_230731_8182023_16.qgd,NEXP2,D,317,230731,8182023,16,qgd,2023-08-18T18:10:57Z,no-skip,1555,NA,2023-07-31
NEXP2_D_316_230731_8192023_01.qgd,NEXP2_D_316_230731_8192023_01.qgd,NEXP2,D,316,230731,8192023,01,qgd,2023-08-19T10:03:57Z,wrongmatch,1563,NA,2023-07-31
NEXP2_D_315_230731_8192023_02.qgd,NEXP2_D_315_230731_8192023_02.qgd,NEXP2,D,315,230731,8192023,02,qgd,2023-08-19T10:03:57Z,mismatch,2269,NA,2023-07-31
NEXP2_D_313_230731_8192023_03.qgd,NEXP2_D_313_230731_8192023_03.qgd,NEXP2,D,313,230731,8192023,03,qgd,2023-08-19T13:06:04Z,no-skip,1566,NA,2023-07-31
NEXP2_D_359_230731_8192023_04.qgd,NEXP2_D_359_230731_8192023_04.qgd,NEXP2,D,359,230731,8192023,04,qgd,2023-08-19T13:06:04Z,no-skip,1567,NA,2023-07-31
NEXP2_D_336_230731_8192023_05.qgd,NEXP2_D_336_230731_8192023_05.qgd,NEXP2,D,336,230731,8192023,05,qgd,2023-08-19T13:06:04Z,no-skip,1568,NA,2023-07-31
NEXP2_D_351_230731_8192023_06.qgd,NEXP2_D_351_230731_8192023_06.qgd,NEXP2,D,351,230731,8192023,06,qgd,2023-08-19T13:06:04Z,no-skip,1569,NA,2023-07-31
NEXP2_D_342_230731_8192023_07.qgd,NEXP2_D_342_230731_8192023_07.qgd,NEXP2,D,342,230731,8192023,07,qgd,2023-08-19T13:06:04Z,no-skip,1570,NA,2023-07-31
NEXP2_D_360_230731_8192023_08.qgd,NEXP2_D_360_230731_8192023_08.qgd,NEXP2,D,360,230731,8192023,08,qgd,2023-08-19T13:06:04Z,no-skip,1571,NA,2023-07-31
NEXP2_D_358_230731_8192023_09.qgd,NEXP2_D_358_230731_8192023_09.qgd,NEXP2,D,358,230731,8192023,09,qgd,2023-08-19T13:06:04Z,no-skip,1572,NA,2023-07-31
NEXP2_D_343_230731_8192023_10.qgd,NEXP2_D_343_230731_8192023_10.qgd,NEXP2,D,343,230731,8192023,10,qgd,2023-08-19T13:06:04Z,no-skip,1573,NA,2023-07-31
NEXP2_D_361_230731_8192023_11.qgd,NEXP2_D_361_230731_8192023_11.qgd,NEXP2,D,361,230731,8192023,11,qgd,2023-08-19T13:06:04Z,no-skip,1574,NA,2023-07-31
NEXP2_D_350_230731_8192023_12.qgd,NEXP2_D_350_230731_8192023_12.qgd,NEXP2,D,350,230731,8192023,12,qgd,2023-08-19T13:06:04Z,no-skip,1575,NA,2023-07-31
NEXP2_D_349_230731_8192023_13.qgd,NEXP2_D_349_230731_8192023_13.qgd,NEXP2,D,349,230731,8192023,13,qgd,2023-08-19T13:06:04Z,no-skip,1576,NA,2023-07-31
NEXP2_D_372_230731_8192023_14.qgd,NEXP2_D_372_230731_8192023_14.qgd,NEXP2,D,372,230731,8192023,14,qgd,2023-08-19T13:06:04Z,mismatch-leak,2270,NA,2023-07-31
NEXP2_D_326_230731_8192023_01.qgd,NEXP2_D_326_230731_8192023_01.qgd,NEXP2,D,326,230731,8192023,01,qgd,2023-08-19T20:36:16Z,no-skip,1579,NA,2023-07-31
NEXP2_N_495_230731_8192023_02.qgd,NEXP2_N_495_230731_8192023_02.qgd,NEXP2,N,495,230731,8192023,02,qgd,2023-08-19T20:36:16Z,no-skip,1580,NA,2023-07-31
NEXP2_N_494_230731_8192023_03.qgd,NEXP2_N_494_230731_8192023_03.qgd,NEXP2,N,494,230731,8192023,03,qgd,2023-08-19T20:36:16Z,no-skip,1581,NA,2023-07-31
NEXP2_N_497_230731_8192023_04.qgd,NEXP2_N_497_230731_8192023_04.qgd,NEXP2,N,497,230731,8192023,04,qgd,2023-08-19T20:36:16Z,no-skip,1582,NA,2023-07-31
NEXP2_N_498_230731_8192023_05.qgd,NEXP2_N_498_230731_8192023_05.qgd,NEXP2,N,498,230731,8192023,05,qgd,2023-08-19T20:36:16Z,no-skip,1583,NA,2023-07-31
NEXP2_N_499_230731_8192023_06.qgd,NEXP2_N_499_230731_8192023_06.qgd,NEXP2,N,499,230731,8192023,06,qgd,2023-08-19T20:36:16Z,no-skip,1584,NA,2023-07-31
NEXP2_N_496_230731_8192023_07.qgd,NEXP2_N_496_230731_8192023_07.qgd,NEXP2,N,496,230731,8192023,07,qgd,2023-08-19T20:36:16Z,no-skip,1585,NA,2023-07-31
NEXP2_N_532_230731_8192023_08.qgd,NEXP2_N_532_230731_8192023_08.qgd,NEXP2,N,532,230731,8192023,08,qgd,2023-08-19T20:36:16Z,no-skip,1586,NA,2023-07-31
NEXP2_N_542_230731_8192023_09.qgd,NEXP2_N_542_230731_8192023_09.qgd,NEXP2,N,542,230731,8192023,09,qgd,2023-08-19T20:36:16Z,no-skip,1587,NA,2023-07-31
NEXP2_N_501_230731_8192023_10.qgd,NEXP2_N_501_230731_8192023_10.qgd,NEXP2,N,501,230731,8192023,10,qgd,2023-08-19T20:36:16Z,no-skip,1588,NA,2023-07-31
NEXP2_N_502_230731_8192023_11.qgd,NEXP2_N_502_230731_8192023_11.qgd,NEXP2,N,502,230731,8192023,11,qgd,2023-08-19T20:36:16Z,no-skip,1589,NA,2023-07-31
NEXP2_N_509_230731_8192023_12.qgd,NEXP2_N_509_230731_8192023_12.qgd,NEXP2,N,509,230731,8192023,12,qgd,2023-08-19T20:36:16Z,no-skip,1590,NA,2023-07-31
NA,NEXP2_N_516_230731_8192023_13.qgd,NEXP2,N,516,230731,8192023,13,qgd,2023-08-19T20:36:16Z,skip-notrun,1591,NA,2023-07-31
NEXP2_N_516_230731_8192023_13.qgd,NEXP2_D_372_230731redo_8192023_14.qgd,NEXP2,D,372,230731redo,8192023,14,qgd,2023-08-19T20:36:16Z,skip-rename,1592,NA,2023-07-31
NEXP2_D_372_230731redo_8192023_14.qgd,NEXP2_D_341_230731_8192023_15.qgd,NEXP2,D,341,230731,8192023,15,qgd,2023-08-19T20:36:16Z,skip-rename,1593,NA,2023-07-31
NEXP2_D_341_230731_8192023_15.qgd,NEXP2_D_338_230731_8192023_16.qgd,NEXP2,D,338,230731,8192023,16,qgd,2023-08-19T20:36:16Z,skip-rename,1594,NA,2023-07-31
NEXP2_D_338_230731_8192023_16.qgd,NEXP2_D_337_230731_8192023_17.qgd,NEXP2,D,337,230731,8192023,17,qgd,2023-08-19T20:36:16Z,skip-rename,1595,NA,2023-07-31
NEXP2_D_337_230731_8192023_17.qgd,NEXP2_D_327_230731_8192023_18.qgd,NEXP2,D,327,230731,8192023,18,qgd,2023-08-19T20:36:16Z,skip-rename-leak,1596,NA,2023-07-31
NEXP2_D_327_230731_8192023_18.qgd,NEXP2_D_330_230731_8192023_19.qgd,NEXP2,D,330,230731,8192023,19,qgd,2023-08-19T20:36:16Z,skip-rename,1597,NA,2023-07-31
NEXP2_N_518_230731_8202023_01.qgd,NEXP2_N_518_230731_8202023_01.qgd,NEXP2,N,518,230731,8202023,01,qgd,2023-08-20T09:27:41Z,no-skip,1598,NA,2023-07-31
NEXP2_N_517_230731_8202023_02.qgd,NEXP2_N_517_230731_8202023_02.qgd,NEXP2,N,517,230731,8202023,02,qgd,2023-08-20T09:27:41Z,no-skip,1599,NA,2023-07-31
NEXP2_N_505_230731_8202023_03.qgd,NEXP2_N_505_230731_8202023_03.qgd,NEXP2,N,505,230731,8202023,03,qgd,2023-08-20T09:27:41Z,no-skip,1600,NA,2023-07-31
NEXP2_N_504_230731_8202023_04.qgd,NEXP2_N_504_230731_8202023_04.qgd,NEXP2,N,504,230731,8202023,04,qgd,2023-08-20T09:27:41Z,no-skip,1601,NA,2023-07-31
NEXP2_N_506_230731_8202023_05.qgd,NEXP2_N_506_230731_8202023_05.qgd,NEXP2,N,506,230731,8202023,05,qgd,2023-08-20T09:27:41Z,no-skip,1602,NA,2023-07-31
NEXP2_N_508_230731_8202023_06.qgd,NEXP2_N_508_230731_8202023_06.qgd,NEXP2,N,508,230731,8202023,06,qgd,2023-08-20T09:27:41Z,no-skip,1603,NA,2023-07-31
NEXP2_N_503_230731_8202023_07.qgd,NEXP2_N_503_230731_8202023_07.qgd,NEXP2,N,503,230731,8202023,07,qgd,2023-08-20T09:27:41Z,no-skip,1604,NA,2023-07-31
NEXP2_N_541_230731_8202023_08.qgd,NEXP2_N_541_230731_8202023_08.qgd,NEXP2,N,541,230731,8202023,08,qgd,2023-08-20T09:27:41Z,no-skip,1605,NA,2023-07-31
NEXP2_N_531_230731_8202023_09.qgd,NEXP2_N_531_230731_8202023_09.qgd,NEXP2,N,531,230731,8202023,09,qgd,2023-08-20T09:27:41Z,no-skip,1606,NA,2023-07-31
NEXP2_N_543_230731_8202023_10.qgd,NEXP2_N_543_230731_8202023_10.qgd,NEXP2,N,543,230731,8202023,10,qgd,2023-08-20T09:27:41Z,no-skip,1607,NA,2023-07-31
NEXP2_N_533_230731_8202023_11.qgd,NEXP2_N_533_230731_8202023_11.qgd,NEXP2,N,533,230731,8202023,11,qgd,2023-08-20T09:27:41Z,no-skip,1608,NA,2023-07-31
NEXP2_N_529_230731_8202023_12.qgd,NEXP2_N_529_230731_8202023_12.qgd,NEXP2,N,529,230731,8202023,12,qgd,2023-08-20T09:27:41Z,no-skip,1609,NA,2023-07-31
NEXP2_N_527_230731_8202023_13.qgd,NEXP2_N_527_230731_8202023_13.qgd,NEXP2,N,527,230731,8202023,13,qgd,2023-08-20T09:27:41Z,no-skip,1610,NA,2023-07-31
NEXP2_N_522_230731_8202023_14.qgd,NEXP2_N_522_230731_8202023_14.qgd,NEXP2,N,522,230731,8202023,14,qgd,2023-08-20T09:27:41Z,no-skip,1611,NA,2023-07-31
NEXP2_N_528_230731_8202023_15.qgd,NEXP2_N_528_230731_8202023_15.qgd,NEXP2,N,528,230731,8202023,15,qgd,2023-08-20T09:27:41Z,no-skip,1612,NA,2023-07-31
NEXP2_N_526_230731_8202023_16.qgd,NEXP2_N_526_230731_8202023_16.qgd,NEXP2,N,526,230731,8202023,16,qgd,2023-08-20T09:27:41Z,no-skip,1613,NA,2023-07-31
NEXP2_N_520_230731_8202023_17.qgd,NEXP2_N_520_230731_8202023_17.qgd,NEXP2,N,520,230731,8202023,17,qgd,2023-08-20T09:27:41Z,no-skip,1614,NA,2023-07-31
NEXP2_N_546_230731_8202023_18.qgd,NEXP2_N_546_230731_8202023_18.qgd,NEXP2,N,546,230731,8202023,18,qgd,2023-08-20T09:27:41Z,no-skip,1615,NA,2023-07-31
NEXP2_N_544_230731_8202023_19.qgd,NEXP2_N_544_230731_8202023_19.qgd,NEXP2,N,544,230731,8202023,19,qgd,2023-08-20T09:27:41Z,no-skip,1616,NA,2023-07-31
NEXP2_N_545_230731_8202023_20.qgd,NEXP2_N_545_230731_8202023_20.qgd,NEXP2,N,545,230731,8202023,20,qgd,2023-08-20T09:27:41Z,no-skip,1617,NA,2023-07-31
NEXP2_N_551_230731_8202023_01.qgd,NEXP2_N_551_230731_8202023_01.qgd,NEXP2,N,551,230731,8202023,01,qgd,2023-08-20T20:38:17Z,no-skip,1619,NA,2023-07-31
NEXP2_N_555_230731_8202023_02.qgd,NEXP2_N_555_230731_8202023_02.qgd,NEXP2,N,555,230731,8202023,02,qgd,2023-08-20T20:38:17Z,no-skip,1620,NA,2023-07-31
NEXP2_N_524_230731_8202023_03.qgd,NEXP2_N_524_230731_8202023_03.qgd,NEXP2,N,524,230731,8202023,03,qgd,2023-08-20T20:38:17Z,no-skip,1621,NA,2023-07-31
NEXP2_N_537_230731_8202023_04.qgd,NEXP2_N_537_230731_8202023_04.qgd,NEXP2,N,537,230731,8202023,04,qgd,2023-08-20T20:38:17Z,no-skip,1622,NA,2023-07-31
NEXP2_N_554_230731_8202023_05.qgd,NEXP2_N_554_230731_8202023_05.qgd,NEXP2,N,554,230731,8202023,05,qgd,2023-08-20T20:38:17Z,no-skip,1623,NA,2023-07-31
NEXP2_N_536_230731_8202023_06.qgd,NEXP2_N_536_230731_8202023_06.qgd,NEXP2,N,536,230731,8202023,06,qgd,2023-08-20T20:38:17Z,no-skip,1624,NA,2023-07-31
NEXP2_N_553_230731_8202023_07.qgd,NEXP2_N_553_230731_8202023_07.qgd,NEXP2,N,553,230731,8202023,07,qgd,2023-08-20T20:38:17Z,no-skip,1625,NA,2023-07-31
NEXP2_N_510_230731_8202023_08.qgd,NEXP2_N_510_230731_8202023_08.qgd,NEXP2,N,510,230731,8202023,08,qgd,2023-08-20T20:38:17Z,no-skip,1626,NA,2023-07-31
NEXP2_N_381_230731_8202023_09.qgd,NEXP2_N_381_230731_8202023_09.qgd,NEXP2,N,381,230731,8202023,09,qgd,2023-08-20T20:38:17Z,no-skip,1627,NA,2023-07-31
NEXP2_N_556_230731_8202023_10.qgd,NEXP2_N_556_230731_8202023_10.qgd,NEXP2,N,556,230731,8202023,10,qgd,2023-08-20T20:38:17Z,no-skip,1628,NA,2023-07-31
NEXP2_N_523_230731_8202023_11.qgd,NEXP2_N_523_230731_8202023_11.qgd,NEXP2,N,523,230731,8202023,11,qgd,2023-08-20T20:38:17Z,no-skip,1629,NA,2023-07-31
NEXP2_N_514_230731_8202023_12.qgd,NEXP2_N_514_230731_8202023_12.qgd,NEXP2,N,514,230731,8202023,12,qgd,2023-08-20T20:38:17Z,no-skip,1630,NA,2023-07-31
NEXP2_N_538_230731_8202023_13.qgd,NEXP2_N_538_230731_8202023_13.qgd,NEXP2,N,538,230731,8202023,13,qgd,2023-08-20T20:38:17Z,no-skip,1631,NA,2023-07-31
NEXP2_N_513_230731_8202023_14.qgd,NEXP2_N_513_230731_8202023_14.qgd,NEXP2,N,513,230731,8202023,14,qgd,2023-08-20T20:38:17Z,no-skip,1632,NA,2023-07-31
NEXP2_N_512_230731_8202023_15.qgd,NEXP2_N_512_230731_8202023_15.qgd,NEXP2,N,512,230731,8202023,15,qgd,2023-08-20T20:38:17Z,no-skip,1633,NA,2023-07-31
NEXP2_N_515_230731_8202023_16.qgd,NEXP2_N_515_230731_8202023_16.qgd,NEXP2,N,515,230731,8202023,16,qgd,2023-08-20T20:38:17Z,no-skip,1634,NA,2023-07-31
NEXP2_N_511_230731_8202023_17.qgd,NEXP2_N_511_230731_8202023_17.qgd,NEXP2,N,511,230731,8202023,17,qgd,2023-08-20T20:38:17Z,no-skip,1635,NA,2023-07-31
NEXP2_N_552_230731_8202023_18.qgd,NEXP2_N_552_230731_8202023_18.qgd,NEXP2,N,552,230731,8202023,18,qgd,2023-08-20T20:38:17Z,no-skip,1636,NA,2023-07-31
NEXP2_N_385_230731_8202023_19.qgd,NEXP2_N_385_230731_8202023_19.qgd,NEXP2,N,385,230731,8202023,19,qgd,2023-08-20T20:38:17Z,no-skip,1637,NA,2023-07-31
NEXP2_N_382_230731_8202023_20.qgd,NEXP2_N_382_230731_8202023_20.qgd,NEXP2,N,382,230731,8202023,20,qgd,2023-08-20T20:38:17Z,no-skip,1638,NA,2023-07-31
NEXP2_N_378_230731_8202023_21.qgd,NEXP2_N_378_230731_8202023_21.qgd,NEXP2,N,378,230731,8202023,21,qgd,2023-08-20T20:38:17Z,no-skip,1639,NA,2023-07-31
NEXP2_N_392_230731_8202023_22.qgd,NEXP2_N_392_230731_8202023_22.qgd,NEXP2,N,392,230731,8202023,22,qgd,2023-08-20T20:38:17Z,no-skip,1640,NA,2023-07-31
NEXP2_N_471_230731_8202023_23.qgd,NEXP2_N_471_230731_8202023_23.qgd,NEXP2,N,471,230731,8202023,23,qgd,2023-08-20T20:38:17Z,no-skip,1641,NA,2023-07-31
NEXP2_N_516_230731redo_8202023_24.qgd,NEXP2_N_516_230731redo_8202023_24.qgd,NEXP2,N,516,230731redo,8202023,24,qgd,2023-08-20T20:38:17Z,no-skip,1642,NA,2023-07-31
NEXP2_D_327_230731redo_8202023_25.qgd,NEXP2_D_327_230731redo_8202023_25.qgd,NEXP2,D,327,230731redo,8202023,25,qgd,2023-08-20T20:38:17Z,no-skip,1643,NA,2023-07-31
NEXP2_N_399_230731_8202023_26.qgd,NEXP2_N_399_230731_8202023_26.qgd,NEXP2,N,399,230731,8202023,26,qgd,2023-08-20T20:38:17Z,no-skip,1644,NA,2023-07-31
NEXP2_N_388_230731_8202023_27.qgd,NEXP2_N_388_230731_8202023_27.qgd,NEXP2,N,388,230731,8202023,27,qgd,2023-08-20T20:38:17Z,no-skip,1645,NA,2023-07-31
NEXP2_N_398_230731_8202023_28.qgd,NEXP2_N_398_230731_8202023_28.qgd,NEXP2,N,398,230731,8202023,28,qgd,2023-08-20T20:38:17Z,no-skip,1646,NA,2023-07-31
NEXP2_N_383_230731_8212023_01.qgd,NEXP2_N_383_230731_8212023_01.qgd,NEXP2,N,383,230731,8212023,01,qgd,2023-08-21T11:59:58Z,no-skip,1648,NA,2023-07-31
NEXP2_N_395_230731_8212023_02.qgd,NEXP2_N_395_230731_8212023_02.qgd,NEXP2,N,395,230731,8212023,02,qgd,2023-08-21T11:59:58Z,no-skip,1649,NA,2023-07-31
NEXP2_N_387_230731_8212023_03.qgd,NEXP2_N_387_230731_8212023_03.qgd,NEXP2,N,387,230731,8212023,03,qgd,2023-08-21T11:59:58Z,no-skip,1650,NA,2023-07-31
NEXP2_N_379_230731_8212023_04.qgd,NEXP2_N_379_230731_8212023_04.qgd,NEXP2,N,379,230731,8212023,04,qgd,2023-08-21T11:59:58Z,no-skip,1651,NA,2023-07-31
NEXP2_N_380_230731_8212023_05.qgd,NEXP2_N_380_230731_8212023_05.qgd,NEXP2,N,380,230731,8212023,05,qgd,2023-08-21T11:59:58Z,no-skip,1652,NA,2023-07-31
NEXP2_N_397_230731_8212023_06.qgd,NEXP2_N_397_230731_8212023_06.qgd,NEXP2,N,397,230731,8212023,06,qgd,2023-08-21T11:59:58Z,no-skip,1653,NA,2023-07-31
NEXP2_N_396_230731_8212023_07.qgd,NEXP2_N_396_230731_8212023_07.qgd,NEXP2,N,396,230731,8212023,07,qgd,2023-08-21T11:59:58Z,no-skip,1654,NA,2023-07-31
NEXP2_N_391_230731_8212023_08.qgd,NEXP2_N_391_230731_8212023_08.qgd,NEXP2,N,391,230731,8212023,08,qgd,2023-08-21T11:59:58Z,no-skip,1655,NA,2023-07-31
NEXP2_N_390_230731_8212023_09.qgd,NEXP2_N_390_230731_8212023_09.qgd,NEXP2,N,390,230731,8212023,09,qgd,2023-08-21T11:59:58Z,no-skip,1656,NA,2023-07-31
NEXP2_N_386_230731_8212023_10.qgd,NEXP2_N_386_230731_8212023_10.qgd,NEXP2,N,386,230731,8212023,10,qgd,2023-08-21T11:59:58Z,no-skip,1657,NA,2023-07-31
NEXP2_N_393_230731_8212023_11.qgd,NEXP2_N_393_230731_8212023_11.qgd,NEXP2,N,393,230731,8212023,11,qgd,2023-08-21T11:59:58Z,no-skip,1658,NA,2023-07-31
NEXP2_N_525_230731_8212023_12.qgd,NEXP2_N_525_230731_8212023_12.qgd,NEXP2,N,525,230731,8212023,12,qgd,2023-08-21T11:59:58Z,no-skip,1659,NA,2023-07-31
NEXP2_N_534_230731_8212023_13.qgd,NEXP2_N_534_230731_8212023_13.qgd,NEXP2,N,534,230731,8212023,13,qgd,2023-08-21T11:59:58Z,no-skip,1660,NA,2023-07-31
NEXP2_N_535_230731_8212023_14.qgd,NEXP2_N_535_230731_8212023_14.qgd,NEXP2,N,535,230731,8212023,14,qgd,2023-08-21T11:59:58Z,no-skip,1661,NA,2023-07-31
NEXP2_N_580_230731_8212023_15.qgd,NEXP2_N_580_230731_8212023_15.qgd,NEXP2,N,580,230731,8212023,15,qgd,2023-08-21T11:59:58Z,no-skip,1662,NA,2023-07-31
NEXP2_N_539_230731_8212023_16.qgd,NEXP2_N_539_230731_8212023_16.qgd,NEXP2,N,539,230731,8212023,16,qgd,2023-08-21T11:59:58Z,no-skip,1663,NA,2023-07-31
NEXP2_N_394_230731_8212023_17.qgd,NEXP2_N_394_230731_8212023_17.qgd,NEXP2,N,394,230731,8212023,17,qgd,2023-08-21T11:59:58Z,no-skip,1664,NA,2023-07-31
NEXP2_N_384_230731_8212023_18.qgd,NEXP2_N_384_230731_8212023_18.qgd,NEXP2,N,384,230731,8212023,18,qgd,2023-08-21T11:59:58Z,no-skip,1665,NA,2023-07-31
