Filename	(E)-hex-2-enal	3-methylbutanal oxime	a-pinene	b-myrcene	(Z)-b-ocimene	(E)-b-ocimene	g-terpinene	methyl benzoate	linalool	(3E)-4,8-dimethylnona-1,3,7-triene	2-methylbenzonitrile	a-campholenal	Decanal	caprolactam	Nonanoic acid	indole	a-copaene	petasitene	trans-a-bergamotene	b-caryophyllene	trans-b-bergamotene	a-farnesene	pseudoionone	trans-Geranylgeraniol	(E)-hex-3-en-1-ol	[(E)-hex-3-enyl] acetate	[(E)-hex-3-enyl] butanoate	[(Z)-hex-3-enyl] butanoate	a-terpineol	cis-a-bergamotene	(1Z,4Z,7Z)-1,5,9,9-tetramethylcycloundeca-1,4,7-triene	(2E)-2,7-dimethylocta-2,6-dien-1-ol	benzaldehyde	D-limonene	methyl salicylate	(E)-4-oxohex-2-enal	p-mentha-1,3,8-triene	4,7-Methano-1H-indene, 2,4,5,6,7,7a-hexahydro-	cosmene	(4E,6Z)-alloocimene	Tricyclo[3.1.0.0(2,4)]hexane, 3,6-diethyl-3,6-dimethyl-, trans-	3-Furaldehyde
NEXP1_tenC10__220720_9162022_05.qgd	0	0	90692	0	928	6762	0	1912	0	0	666	0	12894	12818	25036	993	0	0	293	638	323	5153	6995	0	0	0	0	0	0	1483	0	6242	26988	4058	2989	0	275	0	511	146	0	9591
NEXP1_816T1_D_220725_8162022_01.qgd	0	265	0	24	0	0	0	0	0	91	0	0	0	0	0	113	0	0	0	0	693	0	0	265	128	0	0	0	0	0	0	0	0	0	0	0	0	0	0	0	0	0
NEXP1_816T2_D_220725_8162022_02.qgd	0	0	62124	0	476	476	244	2073	0	0	750	0	35568	282333	77143	1123	0	0	0	469	1573	0	0	0	0	0	0	0	0	0	0	3828	45391	5791	1778	1148	0	0	0	0	0	5839
NEXP1_816T3_D_220725_8162022_03.qgd	440	0	294944	8291	15518	145462	0	1100	5832	547	365	0	60128	34596	46805	901	1081	173	6045	0	5769	105921	7520	1024	0	0	0	0	0	0	0	10430	31361	5900	4462	981	2281	877	413	2040	0	23352
NEXP1_816T4_D_220725_8162022_04.qgd	0	0	124130	8539	777	5010	0	874	0	0	637	0	48523	22146	77642	832	187	0	245	0	0	0	0	0	0	0	0	0	0	0	0	10599	36147	12964	2575	0	0	0	0	142	0	8570
NEXP1_816T5_D_220725_8162022_05.qgd	0	0	67270	0	1015	3579	0	570	0	0	835	0	29121	59853	63977	422	129	0	0	0	1265	0	0	0	0	684	0	0	0	0	0	0	29146	2600	4446	212	0	0	0	169	0	7713
NEXP1_816T6_D_220725_8162022_06.qgd	0	0	313564	5186	2989	15366	0	2290	0	0	1087	0	19252	47708	81431	290	1108	0	4598	579	0	19182	0	0	0	0	0	0	0	0	1894	5576	41340	5672	1467	0	0	0	360	455	231	4772
NEXP1_816T7_D_220725_8162022_07.qgd	5070	0	211419	68323	3179	8960	12475	2189	0	0	1229	4729	126589	203314	54661	0	3447	0	4793	1780	7349	25477	0	0	6010	0	0	0	0	309	0	71943	103912	93719	5527	0	0	0	2738	327	0	33466
NEXP1_816T9_D_220725_8162022_09.qgd	917	0	78772	0	4636	26809	0	1739	0	1388	727	0	31937	131147	72877	1249	268	122	12748	2278	6047	95077	0	0	0	0	669	0	0	176	778	6052	57715	5263	1793	0	1445	503	990	644	6105	22851
NEXP1_816T10_D_220725_8162022_10.qgd	0	0	72815	0	2081	0	0	2033	0	0	1036	0	28074	61403	732753	1069	0	0	2017	1165	0	0	0	0	0	0	0	0	0	1099	0	0	96990	2512	1836	0	0	0	0	129	0	17560
NEXP1_816T11_D_220725_8162022_11.qgd	907	0	99463	8759	2466	12986	0	2234	0	1635	2275	0	40423	265384	110126	736	0	213	0	671	5948	0	0	0	0	2077	0	0	0	0	0	0	93763	13525	1551	1072	347	0	0	398	0	11277
NEXP1_816T12_D_220725_8162022_12.qgd	1007	0	257901	18681	10352	57807	0	1233	0	0	1427	278	36317	291567	122443	2575	633	0	8567	2763	5177	96467	0	0	0	0	0	0	0	540	878	19178	48485	18869	3210	1594	2133	0	2831	1797	11164	13438
NEXP1_816T13_D_220725_8162022_13.qgd	2256	0	173057	57844	27135	237448	1492	1625	6740	2636	571	1274	29136	568888	47875	1025	6067	4165	32555	14090	27084	440024	0	0	16232	10964	3406	0	551	0	33685	56204	36442	51620	3125	13015	4583	0	2277	3680	19748	7198
NEXP1_816T14_D_220725_8162022_14.qgd	1249	0	609429	11968	1017	4811	0	1621	0	0	1292	391	40968	42811	90106	968	0	2891	0	463	1008	0	0	0	0	0	0	0	0	1715	1269	12102	55842	19449	2611	0	1549	0	2372	356	0	13346
NEXP1_816T15_D_220725_8162022_15.qgd	4880	0	112001	81838	7341	50762	15923	2740	0	0	1607	0	161415	448992	131750	1743	1051	0	21467	2741	24813	442605	0	0	0	0	0	0	1509	0	0	86085	145068	115568	8711	7020	2711	0	5034	1442	24332	32210
NEXP1_816T16_D_220725_8162022_16.qgd	1063	0	196503	7462	7935	59623	0	2007	0	449	1478	0	31188	192201	120823	2244	1498	0	5439	1537	7317	76145	0	0	0	0	0	0	0	1081	3456	8001	55116	8687	1652	1623	2488	1585	3870	1724	5410	6732
NEXP1_816T19_D_220725_8162022_19.qgd	5106	0	122661	63187	3448	25849	14745	3733	0	0	3733	0	147149	78763	172802	3838	1071	0	0	0	7751	0	0	0	0	0	0	0	0	1721	0	65514	156091	93908	6821	2021	645	0	4139	958	0	29583
NEXP1_816T20_D_220725_8162022_20.qgd	0	0	115609	3574	3721	13055	0	1811	0	1077	1112	0	23401	190587	90263	701	0	0	0	483	2828	0	0	0	0	1348	0	0	0	613	475	4496	86948	5557	1376	0	0	678	625	697	0	7561
NEXP1_817bT1_9172022_01.qgd	1111	0	72892	6305	1402	8393	838	425	0	927	80	0	20498	288262	12180	119	1366	0	0	3050	920	26920	0	0	4305	0	0	0	338	0	593	7811	16704	19149	1173	1204	429	0	885	387	1068	7128
NEXP1_817bT2_9172022_02.qgd	0	0	57765	33375	6984	5354	6902	2456	0	0	0	0	128467	56410	46141	2398	737	0	0	1652	6968	0	0	0	0	0	0	0	1196	671	0	43965	73709	60516	5230	0	0	0	0	322	418	18085
NEXP1_817bT3_9172022_03.qgd	0	0	37315	4359	2380	20751	0	791	0	0	0	0	18282	162289	33560	427	609	0	0	0	1990	0	0	0	1338	0	0	0	0	0	0	5508	24106	23472	1704	0	761	0	914	517	0	5746
NEXP1_817bT4_9172022_04.qgd	0	0	89571	12632	2152	18414	2259	3137	0	0	0	2183	36869	99444	44355	1186	694	0	1468	1280	2048	25156	0	671	0	0	0	0	0	0	0	18100	48964	47237	2851	0	616	0	1215	386	971	10251
NEXP1_817bT5_9172022_05.qgd	0	0	106774	96319	13988	0	21770	6870	0	0	2077	0	350656	128854	958549	590	1781	0	0	0	7424	0	0	0	0	0	0	0	0	5444	0	115173	193235	169627	13968	0	0	0	6646	548	1187	39618
NEXP1_817bT6_9172022_06.qgd	0	0	87306	0	2019	12757	0	1603	0	0	483	0	25446	108800	49217	1182	0	152	728	0	1101	8292	0	0	0	0	0	0	0	1220	0	7743	36655	10014	1695	434	233	0	0	214	0	7636
NEXP1_817bT7_9172022_07.qgd	0	0	56179	13109	7140	60560	0	3472	0	0	976	0	50934	91940	142495	1413	332	0	0	863	0	0	0	0	0	0	0	0	0	875	0	17289	63687	21146	3788	0	356	0	2158	980	0	9708
NEXP1_817bT8_9172022_08.qgd	0	0	195277	22443	17730	2788	0	5188	11639	580	593	0	27950	20374	46827	17221	393	900	0	4774	934	0	0	0	12946	0	0	0	0	0	3411	26530	50425	21347	68894	0	317	0	947	328	0	9133
NEXP1_817bT9_9172022_09.qgd	0	0	244895	53480	5207	42062	628	2704	20865	0	552	0	34542	187546	121789	20030	367	0	3766	9026	8798	101142	0	594	15321	0	6690	0	0	917	1993	49743	24612	39424	36383	0	1276	0	509	480	1376	6876
NEXP1_817bT10_9172022_10.qgd	0	0	31671	0	1281	7528	0	755	0	0	372	0	51588	196763	50798	557	0	0	0	0	0	0	0	0	0	0	0	0	0	295	174	3380	28425	6477	1543	1028	690	0	877	147	0	5085
NEXP1_817bT11_9172022_11.qgd	14906	0	271959	129150	8413	13772	15611	4184	0	10842	1826	0	292217	65765	99033	1797	926	0	20486	16858	10524	307175	0	0	48160	22843	0	17154	2749	3953	5981	139781	146136	188490	12599	23822	1080	0	2297	515	10138	30626
NEXP1_817bT12_9172022_12.qgd	38278	0	110207	145412	10886	34690	17117	4841	0	0	1607	0	375977	150530	108786	5345	1699	0	1190	13814	8615	22714	0	0	36211	0	0	0	4321	39303	4287	153667	160874	242899	15515	87709	0	0	1975	1100	0	37880
NEXP1_817bT13_9172022_13.qgd	16150	0	139659	136958	10167	46232	14883	4503	0	0	2389	16456	299684	95954	107431	2223	1467	0	5739	2839	3499	45711	0	0	18968	0	0	0	0	25673	7116	140409	169089	183919	10381	25756	3092	0	3320	1479	2903	32992
NEXP1_817bT14_9172022_14.qgd	2550	0	321773	46157	39414	312141	3466	1831	8041	1407	366	0	50358	164282	22131	1066	1728	1510	27315	7577	24691	412768	0	58830	25879	0	0	2244	552	1214	9056	49355	50118	41122	5077	5250	5611	0	2648	4791	14202	13957
NEXP1_817bT15_9172022_15.qgd	8236	0	748566	16073	2575	8108	0	1561	0	2276	938	402	39114	22569	20854	777	0	0	1155	1374	486	15026	0	1247	7868	3106	0	5009	489	492	1894	15384	55615	21495	1705	22396	0	0	1141	292	1767	11304
NEXP1_817bT16_9172022_16.qgd	12479	0	1589803	142602	10270	17612	11718	5229	0	6332	700	7346	179333	19196	680580	0	2260	0	3551	3334	2897	16611	0	0	9720	0	0	0	1482	2875	6545	149592	134588	255181	8201	33027	2896	0	3743	565	0	27059
NEXP1_817bT16redo__220824_9182022_10.qgd	1093	0	288519	41560	38711	208231	1725	3916	0	3357	1769	0	44684	331426	178230	4488	2422	0	119520	9642	85469	1705379	0	45649	27105	0	0	0	0	920	18866	40284	105795	71808	2842	4068	7419	4344	14034	7657	164919	8958
NEXP1_817bT17_9172022_17.qgd	15435	0	430238	51706	3398	10261	1890	884	0	2483	629	491	45455	132981	45599	401	732	180	3964	607	2487	23667	0	0	32680	9165	0	0	1199	5348	0	51906	54934	92361	2704	66068	854	0	1081	299	2032	9864
NEXP1_817bT18_9172022_18.qgd	0	0	167251	38070	12825	8264	7970	7235	0	0	0	0	147060	32464	34173	798	195	0	2241	2973	5252	7899	1444	0	3714	0	0	0	1270	5499	1435	48693	68694	69268	5530	0	1268	0	1960	458	0	13602
NEXP1_817bT19_9172022_19.qgd	0	0	266262	29117	4723	23906	1241	1838	0	4356	561	0	61978	267062	112915	1409	680	0	631	569	1247	6899	0	0	8094	4974	558	0	0	5837	0	27364	55992	38022	3884	1150	1528	0	3068	761	238	0
NEXP1_817bT19redo__220824_9182022_13.qgd	2328	0	63268	11813	4359	30463	2322	3510	0	0	1367	0	65650	89521	125175	1778	238	319	10358	809	13127	179074	0	0	11024	0	0	0	0	0	0	0	71632	20610	3326	1692	1076	0	2499	1038	15954	10019
NEXP1_817bT20_9172022_20.qgd	0	0	393140	40817	16428	2501	7234	1984	0	676	0	7089	151224	23426	51842	460	394	0	0	0	5456	5110	0	0	4734	0	0	0	1126	2181	405	50979	64663	72597	5732	1882	940	0	0	288	0	11180
NEXP1_817bT21_9172022_21.qgd	0	0	144310	4528	2082	0	0	3697	0	0	1590	0	65744	51464	0	2245	0	0	2294	1006	0	19952	0	0	0	0	0	0	0	0	0	0	109338	12478	8699	1277	0	0	0	259	2455	7777
NEXP1_817bT22_9172022_22.qgd	4906	0	150901	89827	142415	0	15073	4527	0	4219	1367	0	408034	280413	413178	3827	1662	0	0	591	6832	0	43792	0	0	0	0	0	3272	4181	0	74582	167048	150206	11247	0	0	0	0	624	1031	28667
NEXP1_817bT23_9172022_23.qgd	0	0	168584	95719	14869	13787	14845	4243	0	0	1658	0	355819	78164	121463	0	4476	0	2787	18349	6181	16043	31384	0	588	0	0	0	3180	3506	6587	108151	163009	160459	10940	0	0	0	4971	760	449	34808
NEXP1_817bT24_9172022_24.qgd	4359	0	410028	72229	1366	5186	3572	1739	4022	1620	829	0	48351	146889	91500	610	1967	0	0	102237	6718	41704	24720	790	47488	19716	0	0	2090	0	31200	66273	57434	66527	7563	12784	1738	0	1732	0	3585	15444
NEXP1_817bT25_9172022_25.qgd	2309	0	182581	17208	6342	31637	0	1032	0	0	330	1901	52623	346363	42835	906	261	719	361	1226	1088	4579	16293	0	11209	0	0	0	0	4521	472	19346	39291	29028	3046	4412	1314	0	1737	884	0	52173
NEXP1_817bT26_9172022_26.qgd	0	0	128089	31064	10201	4117	6945	1251	0	0	891	0	102202	17570	25264	1293	0	0	0	0	4214	0	10040	0	0	0	0	0	750	1880	0	41221	62929	56489	3637	0	0	0	0	231	229	14566
NEXP1_817bT27_9172022_27.qgd	474	0	66270	0	4009	23450	0	1746	0	0	1719	0	48835	394758	30036	2164	856	435	49825	2048	37423	841687	0	0	0	0	0	0	0	665	0	7995	45947	8945	4311	1349	860	0	1639	696	36476	9861
NEXP1_817bT28_9172022_28.qgd	0	0	49511	0	1645	9329	0	739	0	0	242	0	40052	106487	19337	420	0	0	378	2653	1909	0	0	0	0	0	0	0	0	350	1224	6564	43123	9138	1184	520	0	0	468	0	0	9063
NEXP1_818aT1_9182022_01.qgd	0	0	200421	13534	25051	142563	0	1206	0	1782	1228	127	40471	49143	78301	2323	209	502	1941	0	1445	14847	0	0	0	0	0	0	0	0	0	13166	67368	9228	1439	0	3698	1877	5218	5809	2138	22198
NEXP1_818aT2_9182022_02.qgd	4291	0	72381	78321	132077	9098	16357	3678	0	0	1289	42436	297996	0	43419	1564	0	0	0	0	12523	0	0	0	0	0	0	0	0	3702	0	96083	146023	131917	11615	0	0	0	0	650	0	40394
NEXP1_818aT3_9182022_03.qgd	0	0	5093	0	739	3707	0	2208	0	2082	850	0	34553	54939	338635	1864	0	0	0	0	2807	0	0	0	0	0	0	0	0	0	0	0	58592	3954	2246	0	0	268	0	147	0	10634
NEXP1_818aT4_9182022_04.qgd	2363	719	66260	33608	4264	15750	5697	4016	0	1277	595	5902	85064	89314	103220	1189	616	335	22596	0	25321	504149	0	0	0	0	0	0	685	2703	0	42475	57154	55026	4613	0	0	0	1819	557	23887	11302
NEXP1_818aT5_9182022_05.qgd	0	0	74863	12097	21737	3360	5056	2569	0	0	652	0	62737	171670	84512	748	389	0	0	320	2341	0	0	0	0	0	0	0	0	1262	0	0	48081	22714	4337	0	0	0	0	0	0	15006
NEXP1_915T1_9152022_01.qgd	2562	0	113193	43405	5700	48444	5707	1706	0	0	1371	0	115709	17130	33738	1546	413	0	0	369	3155	8671	0	0	0	0	0	0	0	0	0	51665	84710	54471	4066	1049	1771	0	2550	1089	0	40406
NEXP1_915T2_9152022_02.qgd	0	0	24784	0	18233	225561	2486	2132	0	0	320	0	24958	14106	38606	1264	0	81	0	360	1398	14065	0	0	0	0	0	0	0	0	0	10252	30527	4424	2740	0	2521	0	672	2559	317	18044
NEXP1_915T3_9152022_03.qgd	0	0	57706	12853	9724	93684	2748	1340	6935	0	439	0	35021	88163	18176	1080	379	0	1440	0	4247	50495	0	0	0	0	0	0	0	0	0	14524	36644	13051	3359	697	1290	0	487	1068	518	16049
NEXP1_915T4_9152022_04.qgd	0	0	17306	0	1495	11418	0	5676	2007	662	453	0	24367	82351	17056	1422	0	0	0	1134	2076	0	0	0	3420	738	0	0	0	0	0	0	22460	4259	7436	0	0	0	691	190	0	10751
NEXP1_915T5_9152022_05.qgd	0	0	20598	70228	150824	1904106	21068	4248	8531	781	1078	0	26170	75364	398078	3562	0	0	103808	0	237274	4611810	0	8280	0	0	0	0	0	2047	0	66875	53585	6320	5997	0	23493	5354	24100	22507	64480	13297
NEXP1_915T6_9152022_06.qgd	0	0	152620	0	18113	211985	2239	2008	0	0	329	0	18779	74488	15122	782	682	0	1955	1424	5429	71135	0	0	0	0	752	0	0	0	0	17547	24292	5726	2531	970	2295	0	2520	1797	0	10587
NEXP1_915T7_9152022_07.qgd	765	0	34578	2866	688	5230	0	2914	1803	233	0	0	20315	69756	7902	1323	836	0	0	1750	128	2964	1171	253	11046	2785	301	0	0	0	587	3568	12323	3399	7395	532	214	0	332	147	0	5068
NEXP1_915T8_9152022_08.qgd	0	0	71003	33380	11260	46004	0	0	46374	0	664	0	24415	311188	97348	59151	826	817	1080	1142	3064	4778	8767	0	53409	3399	0	0	0	0	7685	38793	59757	22614	112886	5041	2418	0	1822	1416	0	10142
NEXP1_915T9_9152022_09.qgd	0	0	106587	0	1464	8333	0	1213	0	359	461	0	28557	30309	35779	1653	0	0	0	625	838	4338	0	0	0	0	304	0	0	0	0	4708	37211	2185	1559	0	0	0	1246	292	0	10442
NEXP1_915T9redo_D_220725_9162022_09.qgd	0	108	0	0	0	0	0	97	0	0	0	0	0	3304	0	0	0	0	80	0	529	175	0	0	0	0	0	0	0	0	0	0	0	0	0	0	0	0	0	41	0	0
NEXP1_915T9redoagain_9162022_09.qgd	2105	0	63269	0	1808	6120	0	0	136766	0	1061	0	60110	476579	78612	21006	2179	0	10468	8191	7407	99962	0	0	75916	1773	1685	0	0	0	23352	0	84266	15701	93671	4542	245	0	0	317	11435	17250
NEXP1_915T10_9152022_10.qgd	0	0	122535	104974	16005	5141	0	6083	0	0	3686	0	467786	52123	795213	4359	0	0	0	0	17837	0	0	0	0	0	0	0	0	5511	0	99257	221787	181598	20572	0	0	0	8773	797	0	53937
NEXP1_915T11_9152022_11.qgd	0	0	15675	0	5841	48505	0	4991	0	0	1525	0	100825	440482	0	4059	1561	0	0	0	15627	8815	0	4997	0	0	0	0	1951	2521	0	13521	125753	10585	12190	3645	0	0	4923	1546	0	21354
NEXP1_915T12_9152022_12.qgd	5435	0	113894	98213	10822	0	14416	74	0	0	1648	0	303411	27255	222206	2095	0	1242	632	455	14685	0	0	0	0	0	0	0	1376	3070	0	91257	162168	130104	9642	0	0	0	5882	607	0	38369
NEXP1_915T13_9152022_13.qgd	0	0	48757	0	1443	0	0	2819	0	0	1208	0	19302	12400	94906	2162	134	0	0	295	1673	0	0	0	0	0	0	0	0	357	388	0	40823	1896	6802	0	0	0	0	0	0	9980
NEXP1_915T14_9152022_14.qgd	0	0	52218	2300	4672	0	0	569	0	0	414	1597	31751	133399	60357	597	0	255	0	0	2533	0	0	0	125	0	210	0	0	403	0	0	22976	5030	2450	2497	0	0	0	0	0	14825
NEXP1_915T15_9152022_15.qgd	6128	0	130516	102110	13151	37806	18564	3640	0	12960	1725	0	382963	244413	512461	1884	1513	0	0	1147	16200	0	85360	0	0	0	0	0	2078	11005	0	95542	178098	145548	12738	4049	0	0	3383	1277	2653	42714
NEXP1_915T16_9152022_16.qgd	0	0	50543	0	1093	8657	0	1410	0	1208	506	0	19115	64518	78935	494	0	236	0	1205	1387	0	30038	0	0	0	0	0	654	2180	799	0	21780	2242	1645	1638	1115	0	1550	187	0	8698
NEXP1_915T17_9152022_17.qgd	0	0	72127	0	2661	0	0	6288	0	2740	2261	0	30826	54324	83383	2926	0	0	0	1428	4232	0	27276	0	0	0	0	0	0	907	934	0	64211	3650	2747	0	0	0	0	0	0	10043
NEXP1_915T18_9152022_18.qgd	0	0	428486	18303	18447	9042	0	2719	0	22944	2115	0	63627	122691	282087	3298	3507	3183	7637	63701	8986	0	156878	41781	0	14202	10337	0	3237	0	20536	27211	104267	22288	2346	9457	0	0	0	0	0	14952
NEXP1_915T19_9152022_19.qgd	932	0	3471	0	1081	2897	0	1769	0	547	191	0	24435	447628	22143	611	133	0	410	444	1028	0	22248	1592	0	4816	0	0	0	293	0	0	28157	3111	2954	1987	174	0	0	0	585	6874
NEXP1_915T20_9152022_20.qgd	2515	0	203534	39986	4125	9825	0	2523	0	0	1153	5661	147264	209072	124589	1418	767	0	0	1003	7428	0	50952	0	40756	0	0	0	1286	5870	0	46001	72381	54378	4869	7384	0	0	719	513	0	25382
NEXP1_915T21_9152022_21.qgd	6423	0	107287	114343	12592	12007	18374	3256	0	0	1829	0	339337	23642	150633	2478	1170	0	0	398	9346	0	35736	0	0	0	0	0	1428	652	0	121799	166597	152842	9739	9496	1006	0	1733	760	607	39385
NEXP1_915T22_9152022_22.qgd	0	0	113068	94410	9178	40407	16766	5120	0	0	3124	0	358716	198791	240383	5055	1361	0	947	1010	18397	0	52462	0	0	0	0	0	2221	3499	0	90189	172712	134343	13277	5677	0	0	1992	1177	0	272830
NEXP1_915T23_9152022_23.qgd	0	0	7869	0	821	0	0	468	0	554	330	0	11900	20185	8583	631	0	0	0	0	0	0	18182	0	0	0	0	0	0	0	77	0	16063	1016	465	312	0	0	197	0	358	10174
NEXP1_915T24_9152022_24.qgd	0	0	21638	0	3416	0	0	1015	0	0	496	0	65986	208296	55441	378	0	0	0	0	1583	0	27178	0	0	1294	0	0	0	0	544	4460	26029	3792	2642	1594	0	0	0	0	0	10708
NEXP1_915T25_9152022_25.qgd	0	0	57893	13027	3438	8844	0	2192	0	0	1446	0	101113	47563	96575	1351	0	0	0	1429	6415	0	26341	0	0	0	0	0	0	798	0	0	57024	17473	2011	1332	601	0	1305	477	0	23910
NEXP1_915T26_9152022_26.qgd	6582	0	186495	112543	13491	6118	19131	3026	0	0	2300	0	417232	28597	760271	3457	1728	0	0	0	10045	0	26875	0	0	0	0	0	0	5641	0	110121	193298	158958	12368	0	0	0	0	766	0	121230
NEXP1_915T27_9152022_27.qgd	0	0	50514	0	2090	0	0	678	0	0	338	0	17216	70770	65059	452	0	0	0	725	1451	0	16425	0	0	792	0	0	365	0	0	2465	17754	2189	1100	967	0	0	0	0	0	4362
NEXP1_915T28_9152022_28.qgd	0	0	36880	0	2011	157	0	1682	0	447	148	0	19130	11729	17857	1198	138	0	0	722	1064	0	15363	506	52	0	1492	0	0	0	0	3092	37292	2318	3905	593	0	0	0	0	0	11872
NEXP1_915T29_9152022_29.qgd	0	0	49927	0	2887	1166	0	692	0	0	566	0	47829	227392	63269	740	203	0	0	1109	2554	0	17582	0	0	1638	240	0	661	0	0	3981	30260	3113	1815	5097	0	0	0	0	189	12667
NEXP1_916bT1_9162022_01.qgd	0	0	65548	7447	10159	132695	0	4778	0	791	931	0	55608	41128	48327	2483	0	0	1995	2262	6619	142734	0	0	0	0	0	0	0	0	0	8822	46385	3761	975	1944	1574	836	431	2282	2885	23807
NEXP1_916bT2_9162022_02.qgd	2781	0	371700	16952	2034	27563	0	3703	3501	1630	1715	0	48864	26391	191970	2458	0	289	0	0	5455	0	0	0	0	0	0	0	0	467	0	16243	78558	22501	2380	1927	466	0	0	429	0	23221
NEXP1_916bT3_9162022_03.qgd	0	0	69870	90689	104795	1267606	6727	2839	0	0	0	432	112217	153457	90515	1050	754	0	3773	590	6135	216849	0	0	0	0	0	0	2013	827	0	94130	69447	66156	7360	0	13260	0	2587	30370	7764	19365
NEXP1_916bT4_9162022_04.qgd	0	0	117430	105537	40698	387920	17990	5884	0	0	3537	0	269977	30151	141318	3527	1910	0	0	1299	10432	9035	0	0	0	0	0	0	3690	1163	0	117486	173752	140043	12619	0	5773	0	4688	6885	0	34518
NEXP1_916bT5_9162022_05.qgd	2375	0	184058	221755	406572	5211430	11353	2415	31290	2664	820	973	41563	423157	182683	25973	1639	1263	61765	6064	221619	3914480	12577	75827	10529	4811	10277	3363	0	0	13320	212410	57539	20752	5505	3364	49698	16610	50832	105425	82041	11510
NEXP1_916bT6_9162022_06.qgd	2839	0	98718	48033	7618	51476	9387	3563	0	0	1889	3349	148495	136717	103559	1320	863	0	0	0	0	14994	0	0	0	0	0	0	1730	4468	0	58685	104006	77879	6872	0	2106	0	3549	1464	0	21902
NEXP1_916bT7_9162022_07.qgd	0	0	109652	121093	118442	1202544	11844	3381	0	0	2243	0	256587	0	0	2318	0	0	0	0	0	31850	0	0	0	0	0	0	3130	7253	0	132645	151462	112700	11198	0	24057	0	11319	22667	2897	25242
NEXP1_916bT8_9162022_08.qgd	22071	0	267076	125039	139349	1546426	3992	5917	23214	5741	1696	0	46143	259699	422938	5622	1023	3778	90622	5036	163843	4094403	0	8366	99939	10514	5525	0	3485	14509	0	119905	115826	78590	73426	22953	28235	15729	10827	28456	154618	11487
NEXP1_916bT10_9162022_10.qgd	0	0	73730	198203	215473	2242552	17838	6217	0	0	3913	631	278084	114017	534713	5142	0	0	4939	6989	0	195906	0	0	1203	0	0	0	2898	0	0	207374	219541	148853	10830	0	19036	0	9265	36565	0	43592
NEXP1_916bT11_9162022_11.qgd	0	0	58697	112921	65509	743000	18196	5556	0	0	1964	0	224488	776897	199631	2234	1354	0	0	0	0	38604	0	0	0	0	0	0	3335	4187	2076	119507	156064	130011	15637	0	9169	0	11805	10605	0	39533
NEXP1_916bT12_9162022_12.qgd	6350	0	98975	125378	213897	2458586	42511	2002	32453	0	1449	0	87901	424087	48240	20021	1975	0	45364	18649	96081	2405459	0	11198	19834	0	0	2795	1744	0	4232	120070	84074	49191	7132	4851	25780	10029	9552	44506	59924	197
NEXP1_916bT13_9162022_13.qgd	3587	0	319688	66172	46049	543834	5454	2218	0	0	1176	2973	79156	287904	40447	1214	506	265	864	9206	5673	41915	0	0	0	0	0	0	1058	0	3270	67356	70239	56723	4360	1397	5195	0	6091	9752	1300	16505
NEXP1_916bT14_9162022_14.qgd	1302	0	36073	82235	162172	2016793	2070	871	5770	1645	452	0	18764	792002	32093	1247	0	0	6589	0	18161	361121	0	0	0	0	2899	0	0	0	0	75257	36391	9151	3104	1008	16164	7166	5952	32546	14255	7785
NEXP1_916bT15_9162022_15.qgd	5863	0	119762	430609	592255	7363440	11551	4012	62190	0	2040	0	190647	472195	119091	20469	1187	0	152845	10448	413516	9622791	0	15113	0	0	0	3113	5051	0	10451	396629	151218	172837	15735	4802	68812	32812	19946	138045	300486	33120
NEXP1_916bT16_9162022_16.qgd	12425	0	416008	286697	165383	1982110	7232	609025	0	10044	1008	0	55365	824211	42024	2010	7139	625	59474	48246	79275	2260327	0	0	33874	10140	402975	3314	2909	69879	10782	252851	65036	195573	21279	14192	24683	0	9429	28270	49385	11036
NEXP1_916bT17_9162022_17.qgd	2755	0	118880	10318	13199	137038	0	4367	0	1421	466	0	26622	97559	352894	1249	741	0	16455	960	23227	654919	10149	0	5529	0	0	0	0	2171	0	10975	43650	7298	2292	1568	2186	0	3201	1414	6797	11183
NEXP1_916bT18_9162022_18.qgd	0	0	64379	162302	296244	3737790	43844	1759	10274	2898	964	0	49518	779899	87653	1655	458	0	12587	2153	40854	676567	0	0	0	0	4666	0	0	0	0	145226	58287	17649	2652	1115	40930	18679	14503	72338	17536	12279
NEXP1_916bT19_9162022_19.qgd	0	0	107008	39940	7294	44525	9263	3772	0	0	1807	2974	133388	157555	116996	1456	0	1554	0	0	0	0	0	0	0	0	0	0	1549	3115	0	52043	111923	69917	6250	0	0	0	3105	1295	222	30756
NEXP1_916bT20_9162022_20.qgd	8080	0	333409	60334	53355	628963	3893	4548	0	3356	936	2162	59737	129875	734179	21354	1002	0	25273	7281	52288	1171346	0	0	7353	0	0	0	0	21079	3114	64382	97682	43592	4821	3231	19358	10117	5761	12429	42965	14063
NEXP1_916bT21_9162022_21.qgd	13234	0	221056	64830	44174	531510	3467	2857	2974	9556	1444	0	24484	422338	138351	3787	5505	0	0	8941	101905	2533795	0	0	0	0	0	0	0	863	10426	60245	51877	97391	2413	10564	9082	0	2437	10299	56407	0
NEXP1_916bT22_9162022_22.qgd	6276	0	95809	64946	41548	518638	8840	3183	0	0	1636	15175	143395	818097	89185	2318	761	0	32257	5023	77287	2385644	0	0	0	0	0	0	2414	0	0	72710	100423	81287	9707	3991	3970	0	4454	13033	69629	18217
NEXP1_916bT23_9162022_23.qgd	0	0	157648	234769	278782	3315566	19185	8138	0	0	0	0	336716	309610	274438	0	2315	0	52678	7520	156507	3282934	0	3040	12839	0	0	2246	5919	6332	5433	212533	234953	180028	17404	7340	25219	0	27649	73765	92782	49070
NEXP1_916bT24_9162022_24.qgd	50034	0	816270	135858	69933	764744	9895	1982	4808	956	1769	1005	37383	179024	95787	3627	489	0	1872	6651	3589	84134	0	0	45524	88763	0	0	0	18065	2663	129650	67609	82496	1918	57290	10959	9703	12465	17132	3925	14671
NEXP1_916bT25_9162022_25.qgd	24553	0	486275	355774	110634	1323391	7836	109676	17367	65704	792	0	44954	973477	72810	18160	3021	0	197117	29186	404284	10551613	0	67268	27955	27199	80493	25236	2958	86117	6857	324424	37075	259264	21423	20249	20934	0	22141	18429	142371	0
NEXP1_916bT26_9162022_26.qgd	0	0	130236	63359	9989	28416	13842	3610	0	0	641	0	204726	64242	159629	2890	1931	0	957	13684	0	42154	0	0	0	0	0	0	2558	3551	6207	53854	129817	107557	9266	0	1801	0	1519	1175	0	35747
NEXP1_916bT27_9162022_27.qgd	0	0	45313	123762	236730	2903112	8568	2846	0	1256	2403	14262	125480	583322	462670	4055	2385	747	10526	9741	30431	528986	0	0	0	0	0	0	0	0	0	111685	78765	19889	10768	1566	23390	9064	25052	51710	14658	74735
NEXP1_916bT28_9162022_28.qgd	3041	0	1880899	76742	65768	819062	3068	786	0	2539	1633	8461	23819	55127	26012	1843	1665	0	0	8804	2057	140625	0	831	0	1612	0	0	0	0	17705	71562	51384	70856	1242	3485	8732	0	9417	11668	1674	8289
NEXP1_916bT29_9162022_29.qgd	0	0	11906	2578	15490	1987	2003	2332	0	465	1106	0	29984	130688	63816	1334	0	0	0	621	4126	2215	0	0	0	0	351	0	0	0	0	0	44331	7893	5025	602	432	0	0	229	0	9958
NEXP1_916bT30_9162022_30.qgd	0	0	26161	3802	1690	9551	2946	1601	0	924	1993	0	36525	154582	82256	2245	0	0	0	0	5716	0	0	0	0	0	0	0	0	0	0	4717	62963	8653	1945	0	271	0	0	478	0	0
NEXP1_agg1_D_220725_8142022_29.qgd	25777	0	381491	53997	2058	14051	0	2005	8917	4657	1641	421	67866	115043	89173	1746	815	0	2459	16973	2027	38457	0	0	10609	4180	0	0	2923	3666	4741	53647	68666	52893	2799	18742	0	0	2291	588	0	15043
NEXP1_agg1n1_D_220725_8232022_09.qgd	0	0	112	0	0	0	0	0	0	0	0	0	0	0	0	196	0	0	0	0	0	0	0	0	0	0	56	167	0	0	0	0	0	0	0	104	0	0	0	0	0	262
NEXP1_agg1n1_D_220725_9142022_01.qgd	4343	0	253647	47237	8352	71905	5941	3957	0	0	1882	406	250342	118793	79019	13034	726	0	0	1319	16126	0	0	0	0	0	0	0	1223	1853	0	57788	98665	68054	8727	5855	1457	0	2314	1803	0	214001
NEXP1_agg1n1_N_220725_8122022_09.qgd	2486	0	185530	15593	23992	268883	0	1423	0	2843	1580	356	57590	66564	460112	1436	706	0	0	2193	4047	53446	0	0	0	2178	0	0	0	0	0	17564	64690	8116	6563	3666	4221	2139	6040	3410	0	8188
NEXP1_agg1n2_D_220725_8142022_30.qgd	7753	0	90256	13030	2333	9230	0	1777	0	2129	976	0	83157	555486	169724	946	0	0	1314	0	5191	25290	0	0	3424	1932	1722	0	3160	0	0	13533	73747	619	3315	15318	0	0	0	217	0	9967
NEXP1_agg1n2_N_220725_8142022_07.qgd	1791	0	162421	43669	82850	924843	1361	1257	0	893	985	0	32961	37874	106823	740	0	0	3556	989	12202	184156	0	0	0	1020	919	0	0	0	0	39361	41894	3858	1188	2427	15777	7952	5639	18385	5538	5552
NEXP1_agg2_N_220725_8122022_13.qgd	11143	0	253004	128173	66499	709512	12826	2657	0	6939	2149	0	102553	95743	237099	2809	0	0	18449	0	44320	761275	0	0	10016	0	0	0	879	5333	0	126857	119968	136048	9531	39220	8839	0	2850	10807	25785	30812
NEXP1_agg2n1_D_220725_8162022_10.qgd	0	0	237742	3122	572	0	0	2675	0	0	2388	0	28155	60424	640376	4460	0	0	0	4614	0	0	0	7782	0	0	0	0	0	4579	0	3326	85772	3912	1811	0	0	0	0	0	0	5489
NEXP1_agg2n2_D_220725_8152022_06.qgd	2816	0	332421	0	5729	0	0	2035	0	1118	3059	849	26365	52645	894798	2316	0	0	0	0	0	0	0	6378	4380	0	0	0	0	5046	0	5708	130848	7129	1673	5158	0	0	0	0	1877	6506
NEXP1_agg2n2_N_220725_8122022_18.qgd	4270	0	146647	41237	75623	875255	1103	1530	0	1460	1586	0	37489	126804	91482	2245	234	0	55417	0	120862	2780992	0	0	9651	0	0	0	0	2587	0	37817	61610	15303	1802	4024	9348	3908	2843	12805	87328	12966
NEXP1_agg3_N_220804_9162022_10.qgd	9837	0	101791	89907	10156	67908	12320	2230	0	3570	1148	0	122497	82825	55292	1381	3408	0	0	12211	0	0	6695	0	10888	0	0	0	0	585	4284	99856	103785	105922	5099	6659	1295	0	1541	945	0	27591
NEXP1_agg3n1_D_220725_8232022_07.qgd	12560	0	1635275	84810	4187	28584	0	1476	0	10749	1426	0	39728	0	238700	1669	6141	0	0	33658	0	6343	0	0	0	2517	0	0	0	0	8705	82280	47616	81086	923	8944	0	0	743	855	0	2232026
NEXP1_agg3n1_N_220725_8122022_03.qgd	0	0	82771	42701	87366	1055012	1430	2705	3336	2450	2744	0	43336	58237	139026	453	1938	0	10889	6899	13799	262622	0	0	0	0	0	0	0	0	2547	40644	74927	6493	2143	559	10901	5146	2835	19910	9359	12078
NEXP1_agg3n2_D_220725_9142022_02.qgd	5597	0	182541	72151	15172	17011	13440	4055	0	0	1044	0	224957	24159	123790	4831	644	0	0	2403	11780	0	0	0	0	0	0	0	1565	881	4719	80018	104552	109365	9696	0	0	0	3416	949	0	48881
NEXP1_agg3n2_N_220725_8142022_03.qgd	1999	0	2	18075	28657	354711	0	1569	0	2854	1314	0	37701	133479	137263	1802	4154	0	0	14775	9763	194616	0	0	0	0	0	0	0	0	8565	17118	41724	10366	5474	3114	4944	2399	1524	5582	0	6152
NEXP1_agg4_N_220725_8122022_10.qgd	0	0	208229	7680	6885	79570	0	3546	0	2895	2982	0	37695	68339	194731	4318	0	0	0	0	3505	105156	0	0	0	0	0	0	0	0	0	8369	100762	12652	3955	0	1524	0	0	1481	0	44058
NEXP1_agg4n1_D_220725_8162022_01.qgd	3203	0	109568	54400	3777	25288	12207	3296	0	0	1923	4140	148862	51610	192543	4635	620	0	0	903	3443	0	0	0	0	0	0	0	0	1874	0	59272	128216	80723	8783	1682	0	0	1763	798	0	33031
NEXP1_agg4n2_N_220725_8142022_10.qgd	0	0	332079	22027	14544	173198	0	2297	0	1545	943	0	41326	153589	112655	1378	211	0	4209	0	12998	194113	0	0	0	0	1873	0	0	0	0	20634	50524	20096	4924	0	4337	1827	1750	2921	0	27820
NEXP1_agg5_D_220811_8232022_05.qgd	0	0	128748	16205	1941	8602	0	1938	0	0	404	0	100141	209081	148768	1450	1913	0	0	0	5975	0	0	0	0	15930	0	0	0	0	448	18711	50526	25510	6577	6799	0	0	697	312	0	2240073
NEXP1_agg5_N_220817_9172022_01.qgd	0	0	184461	28059	14150	133523	5991	1554	0	0	432	11750	118762	9449	34750	614	963	0	0	0	6870	6567	0	0	0	0	0	0	782	1732	0	31578	50173	35868	3566	0	1551	0	1994	1317	0	25228
NEXP1_agg5n1_N_220725_8122022_05.qgd	952	0	701469	15479	6813	78109	0	3021	0	0	935	0	17222	28041	52911	1272	0	0	1941	0	815	9461	0	0	0	1685	0	0	0	0	0	14618	36207	20756	1712	0	2033	0	811	1611	0	17075
NEXP1_agg5n2_D_220811_8232022_02.qgd	0	0	82309	0	5841	0	0	2372	0	7728	1282	0	60957	0	125162	2354	976	0	0	0	2082	0	0	0	0	4033	0	0	0	316	0	6673	63056	6523	2141	933	231	0	0	0	0	2058663
NEXP1_agg5n2_N_220725_8142022_04.qgd	0	0	0	39	0	89	0	165	153	0	0	0	0	0	165	141	0	0	0	0	0	0	0	526	0	0	0	0	168	0	0	0	0	0	0	205	0	0	0	0	0	0
NEXP1_agg5n2redo_N_220725_8142022_14.qgd	4409	0	161420	115730	134078	1441606	12860	4120	0	0	1902	0	143056	32872	717197	3743	0	0	9196	0	26044	316472	0	3538	0	0	0	0	0	0	0	117423	148328	97831	8055	0	22811	0	6923	25402	0	26658
NEXP1_agg6n1_N_220725_8122022_06.qgd	3189	0	86656	31488	3003	0	7217	6399	0	0	2655	0	87883	142590	675100	2554	6587	0	0	6186	0	209677	0	0	0	0	0	0	0	2369	0	33580	135854	60676	6129	1705	1934	0	0	362	0	18290
NEXP1_agg6n2flowfellnodate_N_220725_8142022_06.qgd	0	0	3818	0	1954	0	0	1424	0	1374	814	0	51242	20622	165164	1791	0	0	0	519	1285	0	0	0	0	965	0	0	0	1015	0	0	39303	1915	1197	0	0	0	0	0	0	13106
NEXP1_agg6n3_N_220725_8152022_10.qgd	0	0	74875	0	3647	3451	0	2471	0	0	4267	0	29571	75775	154256	2973	0	0	0	0	2947	0	22692	0	0	0	0	0	0	0	0	0	91819	3961	1753	0	284	0	0	200	0	321888
NEXP1_agg7_N_220804_9162022_11.qgd	568	0	63675	34451	57413	705599	7821	2240	0	2016	432	0	40450	76446	53699	1283	724	0	992	2213	2746	43886	12472	0	0	2788	7594	634	0	1695	1199	32744	37028	19583	6777	0	6359	0	3224	8420	0	12285
NEXP1_agg7n1_D_220725_8152022_07.qgd	2398	0	201554	26518	1771	8407	920	3511	0	3158	2210	0	38373	168061	171026	2317	2504	0	936	13610	2573	0	0	0	5519	6597	5934	0	0	6147	4425	26830	69993	27731	2483	2939	2362	0	4223	0	0	12617
NEXP1_agg7n2_D_220725_8152022_05.qgd	0	0	160058	71824	4097	8547	13023	3768	0	32822	4103	14689	115450	367498	113290	4325	4634	0	0	10868	4829	0	172521	0	0	0	0	0	2589	8888	3872	72370	169015	100554	8934	2998	1162	0	5964	578	5099	36352
NEXP1_agg8__220720_9162022_06.qgd	3136	0	82450	32388	5235	1652	5685	1391	0	0	455	0	72259	9210	64936	1092	608	0	0	0	3788	0	7567	0	0	0	0	0	473	0	0	27629	51973	40205	2607	0	0	0	0	203	277	15228
NEXP1_agg8_N_220720_9142022_17.qgd	1418	0	61160	259018	518936	6613049	14831	1923	16464	0	2253	0	49665	204543	63527	3004	0	0	17906	0	54515	1240465	0	0	0	0	0	0	0	0	0	236625	88664	22496	3934	1248	53612	14759	57149	95442	18470	16261
NEXP1_agg8_N_220811_9142022_06.qgd	2010	0	130423	124849	214587	2965006	54063	2512	11725	0	369	0	27517	113921	61053	5364	220	0	9457	9084	22066	610723	0	0	5512	0	772	0	1616	3778	1393	114233	32032	26551	7786	7067	25842	10927	7687	47854	24328	8319
NEXP1_agg8n2_D_220725_8162022_02.qgd	0	0	250829	14957	4762	32569	0	2012	0	2273	1757	0	33762	74479	126741	2883	2276	0	6188	3120	3214	79072	0	0	0	0	0	0	0	649	0	15212	59357	15324	1194	0	0	0	0	875	6170	14999
NEXP1_agg8n2_N_220720_9142022_18.qgd	2252	0	328664	104106	166178	2283105	7455	622	3383	943	446	900	11536	108382	26716	1690	0	0	1315	1809	5611	102619	0	0	0	0	0	0	0	2494	0	94769	27223	14591	2632	2894	20981	6411	20744	40873	0	8617
NEXP1_agg9_D_220811_8232022_04.qgd	0	0	393015	0	5836	0	0	963	0	6260	888	0	53564	0	112713	1358	0	0	0	0	14246	0	0	1926	0	0	0	0	0	0	0	6044	39622	7696	2153	2907	0	0	301	279	0	2361453
NEXP1_agg9_N_220720_862022_25.qgd	0	0	163274	39642	85643	1049139	0	2871	0	1928	2199	0	43986	121546	197668	4625	0	0	22486	1772	62445	1044564	0	0	0	0	0	0	0	0	0	39248	63483	10825	3951	0	13413	7217	4423	21204	43563	7726
NEXP1_agg9_N_220811_9142022_07.qgd	5148	0	265039	157560	130961	1469540	0	11388	80069	0	2454	1296	129115	33059	1510065	115463	2517	9470	18167	21096	51776	585360	0	0	113030	0	0	0	0	4703	15158	158376	196462	100374	150888	2281	37837	13115	14797	28213	23515	48310
NEXP1_agg9n2_D_220811_8232022_03.qgd	2006	0	328165	0	8386	0	0	2074	0	9970	1827	0	57464	0	248297	1462	0	0	0	4856	3337	0	0	0	0	0	0	0	0	0	0	10755	72199	11154	1962	3292	0	0	0	0	0	2528616
NEXP1_agg10_N_220804_9172022_03.qgd	10167	0	2487738	147740	222204	2707268	34034	2076	7270	923	714	7748	15616	30272	29304	343	0	522	1453	10462	3278	100618	0	0	7607	4016	2060	0	0	8063	2309	129313	20826	54777	4001	38501	14786	0	14842	32001	907	11068
NEXP1_agg10_N_220811_9142022_08.qgd	3817	0	779150	250560	488200	6694351	73406	0	134932	1190	2376	1028	52245	45583	51016	123348	2248	1624	5016	9558	14526	289304	0	0	109098	0	0	0	0	5075	23187	226175	53955	47662	66186	3142	22313	8990	21710	103403	5398	27403
NEXP1_agg10n1_N_220720_862022_22.qgd	1447	0	79557	8283	11629	125407	2977	1354	0	1381	1182	0	55669	189943	91121	1330	0	0	0	2663	13708	0	0	0	0	1645	0	0	0	4002	550	9290	50096	9437	2186	1714	2398	0	1070	1926	0	13317
NEXP1_agg10n2_N_220720_862022_21.qgd	3390	0	336968	153704	307492	3573280	6458	1607	17017	4384	1147	0	28136	95698	99133	882	478	0	15667	11468	39786	882534	0	0	0	0	0	751	0	5467	3899	140036	49382	13851	3019	4114	28617	10250	28260	64374	20589	14733
NEXP1_agg11n1_N_220725_8122022_14.qgd	0	0	102849	34786	67375	751779	1190	965	0	1596	704	0	17602	44909	277045	1151	0	0	0	0	2688	14808	0	0	0	1923	1616	0	0	0	0	31678	44110	3619	1607	0	8200	2885	3149	9910	0	6900
NEXP1_agg11n2_D_220725_8232022_01.qgd	0	0	205626	7769	8672	74013	742	532	0	0	360	0	41750	0	61923	0	0	0	0	0	2857	8286	0	0	0	0	2745	0	0	0	1089	9852	26626	7719	1414	0	1799	827	2320	1809	653	2072861
NEXP1_agg11n2_N_220725_8142022_09.qgd	4579	0	204213	81629	60645	633511	12351	3560	0	4582	1741	0	125152	42835	104251	1583	407	0	0	0	2954	0	0	0	0	0	0	0	926	1286	0	85923	121722	88512	8567	0	7992	0	3260	9614	0	31450
NEXP1_agg12_N_220720_862022_20.qgd	861	0	136982	0	3620	0	0	1581	0	0	1418	4322	80099	44157	377711	2020	0	0	0	2950	14821	0	0	0	0	1049	0	0	727	4320	0	4367	63650	4395	5403	1099	0	0	0	247	0	11033
NEXP1_agg12n2_N_220720_862022_19.qgd	900	0	110274	37688	69302	841225	1091	2211	3871	1391	1331	0	40107	140102	473134	1450	0	0	43700	2188	128209	2480208	0	0	4086	2968	0	0	0	2490	0	35966	60603	9041	2338	0	12049	5390	3701	14750	66897	10001
NEXP1_agg13_D_220725_8142022_22.qgd	8292	0	615379	33059	5235	39599	0	2091	0	1769	1408	260	58884	50349	165398	1325	3958	0	0	26930	0	41619	0	0	8283	3518	0	0	0	8191	9661	30144	78557	32465	2397	7873	2145	0	510	991	4277	24067
NEXP1_agg13n1_N_220725_8122022_12.qgd	0	0	151969	9992	16039	171395	0	1956	0	0	2925	0	18554	38603	141943	1541	0	0	5795	1053	20242	270329	0	0	0	0	0	0	0	1606	0	11555	62372	3316	6804	1421	2713	1538	989	3158	10153	13188
NEXP1_agg13n2_D_220725_8142022_24.qgd	6557	0	254563	136334	7044	33775	22984	3647	0	3228	2702	0	308160	53253	431536	2468	3568	0	0	7768	15192	12677	0	0	0	0	0	0	1705	7541	2533	131127	172761	167415	14544	0	0	0	7693	936	1462	37860
NEXP1_agg13n2_N_220725_8142022_19.qgd	3697	0	229468	51134	3807	18678	11265	2799	0	0	1623	0	99163	31059	162825	715	1850	0	0	1797	3042	0	0	0	0	0	0	0	0	5008	0	58835	120932	84508	7624	0	0	0	4148	927	553	28903
NEXP1_agg14_D_220725_8142022_27.qgd	6731	0	695815	187524	13185	45900	22230	7888	0	3089	2708	0	212528	88297	286883	4697	1171	1248	0	1327	6509	0	0	0	0	0	0	0	0	2880	0	179206	246667	190449	12566	5853	0	0	7858	1578	0	40385
NEXP1_agg14n1_D_220725_8152022_08.qgd	1310	0	188971	0	2101	0	0	2151	0	2681	1388	0	36638	56960	203273	1723	0	0	0	0	0	0	43627	0	0	2433	1467	0	0	659	0	0	76437	6428	1881	0	0	0	0	166	0	40156
NEXP1_agg14n1_N_220725_8122022_16.qgd	2367	0	102894	52583	46606	441480	6386	2713	0	0	1737	0	66844	0	1487383	2698	0	0	3009	0	13121	107975	0	0	0	0	0	0	0	4301	0	56812	140897	55043	5401	0	12360	0	4986	10530	0	47250
NEXP1_agg14n2_D_220725_8142022_28.qgd	4399	0	295088	56112	9662	35812	0	1167	0	2023	1692	0	59651	325854	90714	4469	564	447	1321	2406	4659	0	0	0	0	0	0	0	0	0	0	50574	79236	44863	3076	5617	3152	0	4939	1418	0	14506
NEXP1_agg14n2_N_220725_8142022_10.qgd	0	0	11603	0	13506	162318	0	1135	0	578	1295	0	35622	85641	108034	1756	0	0	0	0	992	0	0	0	0	0	0	0	0	0	0	8650	36975	3076	1016	0	2485	368	837	2810	0	8557
NEXP1_agg15_N_220811_9142022_09.qgd	1984	0	107582	108912	199651	2673104	3664	1228	12020	0	899	0	78133	133027	63535	5101	489	0	20951	20634	70647	1217458	0	0	0	0	1089	0	613	2162	6173	101696	64267	32497	4973	3221	30114	9805	10378	42478	35304	30911
NEXP1_agg16_D_220725_8142022_21.qgd	2695	0	139357	44272	2850	9560	5260	1903	0	0	1042	152	83704	316181	64882	1055	480	0	1139	0	3366	14499	0	0	0	0	0	0	0	3361	0	51455	86498	56018	3761	0	0	0	2270	490	0	16399
NEXP1_agg16n1_N_220725_8122022_04.qgd	3994	0	187191	153683	199453	1982124	11865	3150	0	7259	1036	0	93917	29411	549573	1261	764	0	6454	808	19865	272252	71225	3333	0	0	0	0	1169	3024	0	145144	116652	91137	8564	0	20376	0	5226	35799	0	50911
NEXP1_agg16n2_D_220725_8142022_25.qgd	15848	0	656097	207423	1800	6871	7946	2080	0	0	1987	0	74535	133443	141869	1078	0	0	0	1999	2396	0	0	0	15904	35006	0	0	0	8830	0	180795	96122	167108	3594	15778	0	0	2985	582	0	31133
NEXP1_agg16n2_N_220725_8142022_07.qgd	2206	0	492659	0	12362	139531	0	4519	0	0	3893	268	46222	51279	224004	3985	0	0	0	0	0	22949	0	0	0	0	0	0	0	1533	0	33532	79491	14438	1654	3046	1853	0	650	2300	0	16898
NEXP1_agg17_D_220725_8162022_04.qgd	0	0	277789	19270	41154	314509	0	1872	0	1264	1319	481	37907	222704	87282	1391	274	0	1046	4568	2254	19265	0	0	0	1707	4458	0	0	588	0	20960	61426	19395	2953	0	6557	2918	7666	8510	0	28616
NEXP1_agg17_N_220725_8142022_18.qgd	3670	0	107497	123477	191092	2065455	11487	4373	0	0	2745	0	141510	118247	736181	1815	0	0	3991	1295	23538	163536	0	0	735	0	1969	0	0	4996	0	116215	188007	87361	11866	0	40006	13843	16111	34564	1913	28003
NEXP1_agg17n2_N_220725_8142022_01.qgd	0	0	388543	104787	217309	3152128	5440	0	7518	0	725	500	56882	94618	74795	1039	0	0	7363	0	31158	624857	0	0	0	0	1947	0	0	0	0	99916	56204	12915	4777	934	33279	11734	34866	63833	11225	16824
NEXP1_agg18_N_220720_862022_18.qgd	5477	0	107327	226662	262730	3016173	16328	2903	0	4191	1785	0	159288	297164	209049	2630	1223	0	13927	23960	35163	688087	0	0	0	0	0	0	0	0	10849	213755	166169	110662	10622	5418	34695	0	12500	54997	22218	47837
NEXP1_agg18n2_N_220720_9142022_11.qgd	7386	0	122588	169310	106370	1201219	24233	3760	0	0	2075	0	426372	33964	131920	3425	1898	0	1375	1394	2419	55445	0	0	0	0	0	0	2495	4216	0	180236	204446	171641	15252	0	15401	0	7660	21324	920	50576
NEXP1_agg19_N_220725_8122022_22.qgd	0	0	303184	7737	8011	91483	0	2063	0	631	1514	0	40366	29144	210318	2146	0	394	0	0	1437	0	0	0	0	0	0	0	0	0	0	8257	56107	5031	2592	0	1792	1182	718	1792	0	11483
NEXP1_agg19n2_D_220725_8162022_08.qgd	0	0	47885	0	661	1608	0	940	0	2081	1307	0	38729	204423	37237	1563	233	0	2339	0	1135	13585	22496	0	0	1018	0	0	0	294	0	2413	32359	2683	2005	2762	0	0	0	0	0	9348
NEXP1_agg19n2_N_220725_8122022_29.qgd	0	0	109018	30743	9352	105214	6197	3741	0	745	2451	285	69772	46415	166086	1692	0	0	0	0	1785	0	0	0	0	0	0	0	0	0	0	35606	92057	43569	4566	0	1870	0	2621	2085	0	18471
NEXP1_agg20_N_220725_8142022_11.qgd	0	0	121574	97101	64353	672355	15605	5484	0	0	3608	11419	146192	70823	209034	4777	0	0	4801	1714	11072	179500	0	0	0	0	0	0	1266	3332	0	101525	185550	115295	10444	0	8048	0	3133	12707	7847	39127
NEXP1_agg20n2_N_220725_8142022_32.qgd	1645	0	204052	47262	62993	832215	4400	1894	0	0	1672	0	61114	85045	365548	1226	0	3428	3314	995	16111	222513	0	0	0	0	0	0	843	977	0	44905	56723	27188	10711	2029	10935	5041	11943	15684	0	14194
NEXP1_AMB__220720_9162022_07.qgd	0	0	9186	0	2689	320	0	2158	0	0	769	0	17159	17390	74763	1416	0	0	0	781	0	0	8642	0	0	0	0	0	0	247	0	0	29103	2471	3442	0	0	0	106	0	67	6755
NEXP1_AMB_N_220725_8122022_30.qgd	0	0	41555	0	1742	1791	0	1132	0	715	1794	0	54057	41832	163297	1738	0	0	0	0	1253	0	0	0	0	0	0	0	0	0	0	0	47716	5460	3034	0	0	0	0	0	0	8688
NEXP1_AMBAA_N_220725_8142022_08.qgd	0	0	61197	0	3304	3360	0	3348	0	2001	1486	0	43570	74619	281636	8093	0	199	0	1966	4052	0	0	0	0	2418	0	0	0	0	0	0	67348	7114	2722	1143	0	426	0	240	0	39506
NEXP1_AMBDH_D_220725_8162022_11.qgd	0	0	96017	0	1486	9679	0	942	0	0	1245	0	38751	355957	87976	1503	0	0	0	276	3341	0	0	0	0	2162	779	0	0	922	0	5776	40975	8507	1638	4623	0	0	0	250	0	10747
NEXP1_AMBDH_N_220725_8142022_05.qgd	0	0	13288	0	1884	0	0	1537	0	0	2883	0	63213	129106	109781	912	0	0	0	0	2409	0	0	0	0	0	0	0	0	0	0	0	65321	2280	2561	0	207	0	0	0	572	14264
NEXP1_AMBDH_N_220804_9172022_10.qgd	0	0	4018	0	3020	0	0	1639	0	762	603	0	49251	75701	67027	2066	0	0	0	428	4586	0	0	0	0	0	0	0	0	0	0	0	53527	2219	1118	0	0	0	127	0	0	14138
NEXP1_AMBDHredo_D_220725_8162022_17.qgd	1905	0	93815	22845	2680	2680	0	2102	0	0	1341	0	67307	42038	150984	1233	0	0	0	0	2660	0	0	0	0	0	0	0	0	0	0	27555	79741	34975	2738	0	0	0	2257	0	0	18618
NEXP1_AMBIENT_N_220725_8142022_08.qgd	0	0	21259	0	1489	0	0	1619	0	809	281	0	41203	43933	119600	1934	0	0	0	0	1423	0	0	0	0	0	0	0	0	0	0	0	61633	4294	1906	953	225	0	0	183	0	16673
NEXP1_AMBJB_D_220811_8232022_06.qgd	0	0	2389	0	3874	0	0	1485	0	8249	1343	0	83597	107700	172173	1481	0	0	0	0	7866	0	0	0	0	0	0	0	0	0	0	0	66798	3641	1334	0	0	0	0	0	0	1775286
NEXP1_AMBJB_N_220811_9142022_10.qgd	0	0	49696	29572	3619	5653	8408	3294	0	2466	1078	0	97637	23950	112769	3153	684	0	0	0	0	0	0	7182	0	0	0	0	1303	2384	451	33207	98488	51221	5587	0	1440	0	0	441	0	30768
NEXP1_AMBKW_N_220804_9172022_11.qgd	0	0	63649	21672	45156	0	5554	2109	0	0	1483	0	87394	200436	123477	2006	825	338	0	0	4014	0	0	0	0	0	0	0	1038	2826	0	17592	61359	44558	6692	0	1127	0	0	330	0	15191
NEXP1_dirty_N_220725_8122022_24.qgd	0	0	528182	29934	40595	465086	0	1679	0	3990	2185	0	45441	49238	154458	3576	0	0	0	0	2394	0	0	0	0	0	0	0	0	0	0	28471	65905	10455	1942	0	5795	2892	1735	6526	0	25017
NEXP1_dirty_N_220725_8122022_25.qgd	0	0	18875	0	5064	0	0	2902	0	0	4453	0	58384	12909	206273	1095	0	0	0	0	0	0	0	0	0	0	0	0	0	0	0	0	83912	5688	2903	0	0	0	0	0	0	10568
NEXP1_ten1_N_220804_9172022_06.qgd	0	0	73278	74236	9644	113992	16804	4557	0	0	1280	0	221639	128333	0	341	1286	0	0	0	0	0	0	0	0	0	0	0	3059	4243	0	91807	131705	119432	11202	0	2751	0	4313	2222	0	25849
NEXP1_ten1_N_220811_9142022_05.qgd	0	0	238050	15680	2141	14734	0	4670	0	0	2491	0	94447	18553	103895	6139	636	380	0	1620	6022	0	0	0	0	0	0	0	0	3617	0	21332	96705	21466	5316	1119	309	0	0	366	0	22286
NEXP1_ten2_N_220725_8122022_21.qgd	2400	0	235748	71081	139599	1671261	2970	1819	0	1572	1007	0	70627	95409	167760	662	0	0	6276	612	17672	303568	0	0	0	0	0	0	0	0	0	64415	55718	11504	8073	3737	16489	7446	5014	29654	11756	11486
NEXP1_ten2n2_D_220725_8162022_12.qgd	0	0	216929	0	10693	73956	0	9377	0	0	0	724	37095	398935	126190	1328	1146	0	7183	1925	3151	63742	0	0	0	1778	9280	0	0	3788	0	11476	73653	9785	2699	0	2803	1811	1572	1878	0	17566
NEXP1_ten2n2_D_220725_8162022_13.qgd	5647	0	104176	76700	3717	6498	18644	3380	0	0	2785	0	190003	44785	98283	1500	868	0	0	806	7711	0	0	0	0	0	0	0	1201	1814	0	81866	168503	115077	8615	0	0	0	6135	495	0	38005
NEXP1_ten2n2_N_220725_8122022_26.qgd	3857	0	206052	142925	179975	1955447	2638	3335	0	0	2505	0	168120	39985	235806	5024	1030	0	23060	1550	34720	981965	0	0	1096	0	0	0	0	0	0	141987	161950	114288	12211	0	17849	0	6479	30032	30015	45331
NEXP1_ten2n2redo_D_220725_8162022_18.qgd	0	0	34563	4406	6989	0	0	1301	0	548	1446	0	34464	45900	115031	1236	0	3567	0	1663	0	0	0	0	241	0	0	0	0	324	0	5009	69629	7355	1232	1575	0	0	0	0	0	12292
NEXP1_ten2n3_D_220725_8162022_07.qgd	0	0	10068	0	899	6971	278	4374	0	0	2607	3567	36328	72382	207442	2873	0	3604	0	0	0	0	0	0	212	0	0	0	0	0	0	0	72154	1844	2620	521	0	0	0	147	0	9711
NEXP1_ten3_N_220804_9172022_02.qgd	3930	0	220209	34489	4948	43121	3826	1996	3514	7211	265	0	35501	329397	14474	653	3030	286	3879	9770	5256	142149	0	0	9038	4665	15805	5410	1392	578	2382	32392	29327	39937	4391	11010	1579	0	1772	561	1821	17644
NEXP1_ten3n2_N_220720_9142022_14.qgd	0	0	15639	0	6291	62024	0	2911	0	1478	1304	0	34599	242163	151116	4481	0	0	52520	1029	166434	3257483	0	5831	0	1626	1551	0	0	930	0	9548	57176	7596	4329	1923	4198	2165	2248	1253	78162	10705
NEXP1_ten4n1_N_220725_8122022_08.qgd	0	0	48856	0	17323	182104	0	10786	0	0	3075	0	35657	0	0	3234	0	0	0	0	0	38353	0	0	0	0	0	0	0	0	0	0	133907	4309	3340	0	3559	2200	7562	3336	2522	24624
NEXP1_ten4n2_N_220725_8142022_05.qgd	0	0	35124	33725	72063	792628	0	2779	0	0	1191	0	28354	46633	395607	793	0	0	0	0	0	19877	0	0	0	0	0	0	0	0	0	31338	62601	3035	2835	0	13209	0	6065	9877	0	8332
NEXP1_ten5_N_220720_862022_28.qgd	4736	0	107885	89595	2853	10632	9077	4118	0	0	2954	4054	133464	44636	147966	1333	938	0	4094	957	10939	199163	0	0	0	0	0	0	0	1649	0	87991	143902	84697	6263	0	1538	0	1106	526	5853	39551
NEXP1_ten5_N_220804_9172022_07.qgd	0	0	80177	2881	1589	17150	0	1835	0	0	1080	0	45313	28552	102964	8279	287	0	1521	639	4680	70391	0	0	0	0	0	0	0	0	0	0	40332	3446	3151	0	547	0	1500	382	1788	7354
NEXP1_ten5_N_220811_9142022_03.qgd	1203	0	993398	29972	1168	5998	0	9287	0	0	2626	904	54360	19227	142611	9359	1182	0	1754	6459	4320	47180	0	0	8007	0	0	0	0	0	1551	28966	80365	27840	11185	1222	463	0	0	0	519	70796
NEXP1_ten5n2_N_220720_862022_29.qgd	0	0	12034	0	985	9216	0	3343	0	0	2667	0	24178	44779	117314	2758	0	0	0	0	12075	106501	0	0	0	0	0	0	0	1100	0	0	68312	4177	8807	0	0	0	0	0	0	16723
NEXP1_ten6_D_220725_8162022_05.qgd	0	0	79969	19203	1521	4771	4771	3575	0	1685	2430	5189	69731	42729	143212	1453	0	509	0	0	3277	0	0	0	0	0	0	0	0	0	0	20857	111619	30109	3501	0	0	0	0	333	0	29869
NEXP1_ten6n1_N_220725_8152022_09.qgd	1349	0	67276	25093	21889	241025	0	5601	0	2879	2216	0	71703	229362	313418	1133	965	0	0	2941	25802	472498	0	0	0	0	0	0	0	0	0	26986	93254	23995	4881	2306	4493	0	1604	3592	15146	17370
NEXP1_ten6n2_N_220725_8142022_02.qgd	3566	0	350948	13276	9528	118975	0	2332	0	1008	1307	414	76366	103852	206642	1289	826	0	2747	3317	7281	122481	0	0	257	0	1936	0	0	908	0	15631	51337	13746	8834	5994	3249	0	1249	2320	0	10061
NEXP1_ten8_N_220725_8142022_12.qgd	4589	0	229698	139151	51241	569372	14771	3124	0	6822	2459	9171	127553	119262	113679	3324	4365	0	14069	5401	53728	787933	0	0	4957	0	0	0	1121	0	0	136508	131805	151120	16164	0	5998	0	7957	11445	21702	31232
NEXP1_ten8_N_220804_9172022_04.qgd	0	0	707668	8484	6221	63827	0	4068	0	724	204	0	15046	27302	154273	1417	1109	0	472	337	1148	8358	0	1250	0	0	626	322	0	567	0	7560	33429	6138	2298	0	1343	0	764	693	0	7498
NEXP1_ten8n1_220725_9142022_13.qgd	0	0	95250	38448	2120	3160	0	3112	0	0	2578	0	309775	39455	323088	3672	862	598	0	0	18922	0	0	0	0	0	0	0	0	0	0	50824	137842	55830	6407	0	0	0	0	293	0	84933
NEXP1_ten8n1_D_220725_8232022_08.qgd	0	56	0	0	0	0	0	0	0	0	0	0	0	0	0	55	0	0	0	0	0	0	2939	0	0	0	0	0	0	0	144	0	0	0	0	0	0	0	0	140	0	0
NEXP1_ten8n2_N_220725_8142022_31.qgd	0	0	55633	0	4031	40423	0	1386	0	0	1657	0	56600	202080	474688	2522	354	0	0	0	17634	0	0	0	0	0	0	0	0	0	0	10779	60127	6997	3194	0	0	0	2221	255	0	10254
NEXP1_ten9_N_220720_9142022_15.qgd	0	0	122215	232592	191999	2148923	24727	5221	0	4878	2642	0	442669	148046	309156	3841	2631	948	9982	5033	29302	444162	60548	0	0	0	0	0	2532	5466	0	219282	230997	197813	14666	13282	21665	0	8550	41261	18190	62596
NEXP1_ten9_N_220725_8122022_11.qgd	0	0	119318	95866	67471	676089	11073	2988	0	0	7783	0	166688	74825	417247	7120	1604	0	0	2367	17908	46160	0	0	0	0	0	0	0	4879	2415	99341	157781	94075	13959	0	8341	0	10828	12681	0	33237
NEXP1_ten9n2_N_220720_9142022_16.qgd	0	0	117541	64071	35143	353848	8037	2502	0	0	2065	0	130288	23817	107750	3827	549	0	809	787	1434	27839	0	3960	0	0	0	0	0	2256	0	72996	125861	68703	7164	0	7240	0	2411	6760	486	135291
NEXP1_ten9n2_N_220725_8122022_17.qgd	0	0	184998	86489	172550	1803268	3021	1854	0	1415	1651	0	22678	29819	508245	2747	0	0	3410	1690	14768	100455	0	5339	0	0	0	0	0	0	0	79683	84192	6812	901	0	23754	9236	7634	27791	0	12306
NEXP1_ten10_D_220725_8142022_23.qgd	7479	0	156194	112296	10147	66419	18384	2497	0	2018	2164	4829	215153	320125	109725	1484	1147	0	5734	0	4198	80871	0	0	23797	0	0	0	1569	12205	0	116575	149878	142438	10214	9315	2933	0	5709	2100	0	33662
NEXP1_ten10_N_220720_9142022_19.qgd	8844	0	138609	138024	17760	69351	27544	3134	0	0	2339	0	456971	166736	293989	2655	1593	0	1078	0	19588	36323	0	0	0	0	0	0	2670	7660	0	128238	222748	192633	16097	4181	0	0	8049	1824	492	57299
NEXP1_ten10n1_N_220725_8122022_02.qgd	2601	0	105818	45487	3995	25806	6912	6640	0	0	1074	0	62220	18391	96876	1500	471	0	0	1237	2168	0	0	0	3864	0	0	0	0	0	0	51967	84695	61022	9216	0	0	0	2051	680	0	20375
NEXP1_ten10n2_D_220725_8142022_26.qgd	4257	0	122924	73683	7650	51703	14745	2924	0	0	2597	0	132367	59892	112090	1889	620	0	2735	0	2004	29975	0	0	905	0	0	0	0	4975	0	78367	143229	100933	6543	3286	2977	0	6251	1659	0	39724
NEXP1_ten10n2_N_220725_8142022_04.qgd	0	0	6056	0	1959	0	0	5069	0	2518	736	0	54760	67816	601616	2279	0	0	0	1714	5962	0	0	0	0	0	0	0	0	4145	0	0	72432	3681	1340	0	0	0	0	303	0	10685
NEXP1_ten11n1_N_220725_8122022_07.qgd	563	0	210726	34276	54238	743441	961	1353	4623	1446	1033	0	38912	82361	62040	1228	1026	0	20442	5098	72316	1512942	0	0	0	0	2527	0	0	0	1369	34765	38996	8384	1475	0	8897	3573	9822	11714	23714	9249
NEXP1_ten11n2_N_220725_8142022_03.qgd	0	0	64	0	0	54	0	0	112	0	0	0	0	0	0	0	0	0	0	0	0	0	0	0	117	0	0	0	256	0	0	0	0	0	0	0	0	0	0	0	0	0
NEXP1_ten11n2redo_N_220725_8142022_13.qgd	0	0	44364	48048	97501	1253153	1927	1903	3584	0	1565	0	36498	138904	117497	3051	0	0	11961	687	37575	541413	0	0	0	0	0	0	0	0	0	42741	59379	8971	4863	902	14001	6014	4094	21738	21285	9966
NEXP1_ten12n1_D_220725_8162022_09.qgd	0	0	369365	7274	7591	52777	0	4553	0	662	454	1227	38280	146634	269105	499	1518	0	2696	2795	3158	26780	0	0	0	932	12025	0	0	2406	1002	7932	46249	8326	1540	0	2186	1616	3866	1370	2710	7107
NEXP1_ten12n1_N_220725_8142022_01.qgd	0	0	672648	53393	74735	889851	1312	3207	0	765	1555	687	42139	33914	62714	2793	1357	0	1480	3158	5085	47037	0	0	0	0	18116	0	0	1891	0	46824	39976	18327	1188	1852	5390	3395	5645	13111	0	6995
NEXP1_ten12n2_N_220725_8142022_02.qgd	0	0	610294	107938	215016	2485294	3991	18490	6233	963	664	0	51056	103201	74559	555	1928	0	7422	6477	15068	242538	0	0	0	0	18931	0	0	3597	1645	98137	52628	17314	5692	0	21146	7605	6857	34325	5961	15920
NEXP1_ten13_D_220725_8152022_02.qgd	1345	0	233074	35434	1070	3805	851	5225	5786	6366	2338	0	45923	371443	160357	583	4317	0	0	12206	5685	0	0	0	0	0	0	0	0	0	3450	32693	66257	49100	8225	2228	472	0	2968	0	0	9603
NEXP1_ten13_N_220725_8122022_15.qgd	0	0	0	0	0	0	0	0	0	0	0	0	0	0	0	0	0	98	0	0	0	0	0	209	140	0	175	0	0	110	0	0	0	0	0	0	0	0	0	0	0	0
NEXP1_ten13_N_220804_9172022_08.qgd	1136	0	157972	17178	1237	10720	0	5194	15443	910	382	0	17638	52949	25434	21343	758	357	0	5624	1851	16828	0	0	19315	1997	1113	0	0	93	3226	22769	35122	14760	61049	0	700	0	1153	367	0	8187
NEXP1_ten13n2_D_220725_8152022_04.qgd	0	0	68348	0	837	5061	0	4000	0	2093	925	0	44428	368774	96824	2814	833	0	8498	1943	6982	123101	0	0	0	0	0	0	0	989	1718	5768	53509	6578	1553	0	255	0	0	145	8471	10556
NEXP1_ten13n2_N_220725_8122022_19.qgd	0	0	135479	53624	10156	51747	12845	4280	19318	0	2272	3511	125053	29127	362637	1094	728	0	750	683	2325	18748	0	0	0	0	0	0	945	2851	0	63130	154012	91289	8034	0	1461	0	4999	1393	0	31708
NEXP1_ten13redo_N_220725_8132022_01.qgd	0	0	779	7942	1390	9902	0	3490	0	3070	1671	1496	41480	59125	83166	2765	0	0	2427	1172	4166	68404	0	5066	0	0	0	0	0	412	0	9994	68638	14298	3520	0	0	0	0	213	0	9215
NEXP1_ten14_N_220720_862022_27.qgd	0	0	186268	10529	1591	11983	0	2912	0	2079	2528	0	41110	122646	152792	1292	0	317	26942	6554	49288	1224153	0	0	12748	0	0	0	0	0	4368	0	81453	12560	3577	2737	0	0	3928	361	49042	15596
NEXP1_ten14n2_N_220720_862022_26.qgd	0	0	697980	0	4658	1555	1555	8133	0	0	3037	1598	37967	119793	0	3267	0	0	3690	1406	16337	145710	0	0	0	0	0	0	0	10464	0	56134	165755	42540	9137	0	0	0	6205	822	0	21598
NEXP1_ten14n2_N_220720_9142022_12.qgd	0	0	0	0	0	0	0	0	0	0	0	57	0	0	0	67	0	0	0	0	315	0	0	0	0	0	0	0	0	0	0	0	0	0	0	0	99	0	0	0	0	0
NEXP1_ten15_N_220725_8142022_16.qgd	0	0	8	1771	868	4012	0	676	0	563	895	0	15297	22129	39254	1045	0	0	0	0	0	14021	0	0	0	0	0	0	0	0	490	2134	25851	3698	0	331	0	0	0	125	908	5639
NEXP1_ten15n2_D_220725_8162022_06.qgd	0	0	273438	4246	2107	2232	0	3510	0	1721	1545	5792	37387	57145	158688	2263	0	0	0	5419	3151	0	0	0	0	0	0	0	0	401	0	5107	68116	8905	1120	0	0	0	0	101	0	8431
NEXP1_ten15n2_N_220725_8142022_09.qgd	0	0	471558	18989	16145	168151	0	17120	0	0	3396	616	37126	137418	0	2548	0	0	21454	11383	68555	680468	0	0	0	0	0	0	0	2761	0	21056	127706	26286	7253	1270	5924	3860	9706	3168	28568	11087
NEXP1_ten16_N_220720_862022_23.qgd	944	0	34207	36997	73967	856525	2232	1747	7283	0	1448	0	34033	263016	112591	2419	0	354	41332	6175	123695	2426800	0	0	0	1742	0	0	0	0	3103	36105	48077	7103	2048	0	18339	4746	4730	12949	55925	6719
NEXP1_ten16_N_220725_8122022_20.qgd	1436	0	143366	35978	52235	554552	4055	1299	0	0	1094	0	33841	32257	99358	1832	0	0	1915	685	8053	87185	0	0	0	0	0	0	0	700	0	42530	54913	21480	2066	0	6655	0	2629	8362	0	15745
NEXP1_ten16n2_N_220720_862022_24.qgd	0	0	145255	59335	106272	1172438	1543	1054	0	1412	1435	0	38702	156675	69866	1511	552	0	15076	3458	48215	696994	0	0	0	0	0	0	0	0	0	54830	55655	17018	3117	0	21249	8025	6022	19612	24931	17117
NEXP1_ten16n2_N_220725_8122022_23.qgd	0	0	58446	9075	15740	0	0	10876	0	0	1438	0	140579	135407	1293972	5544	0	0	0	0	0	0	0	0	0	0	0	0	0	0	0	13066	92410	18061	2813	0	1480	0	0	298	0	16447
NEXP1_ten17_N_220811_9142022_04.qgd	0	0	132583	33302	6255	55438	0	6022	0	0	1420	0	164181	16191	236044	4013	1177	0	0	2963	7494	10499	0	0	0	0	0	0	0	1707	0	39145	85840	43342	9790	0	748	0	3650	1571	0	34373
NEXP1_ten18_D_220725_8152022_01.qgd	3939	0	181835	87373	4273	16873	13726	2805	0	0	1931	0	141511	26563	150160	2183	982	0	2155	3260	2774	13584	0	0	0	0	0	0	976	2130	0	88900	139899	122243	7046	0	0	0	4757	787	0	23739
NEXP1_ten18_N_220725_8142022_20.qgd	4926	0	188190	145905	146065	1654915	2426	3072	0	5959	2144	6834	144600	72266	148159	2577	0	0	12006	4619	38609	552848	0	0	0	0	0	0	1089	0	0	141666	146905	120158	9792	0	15322	0	5765	31306	20844	34566
NEXP1_ten18n2_D_220725_8152022_03.qgd	0	0	56144	20931	4441	31763	0	1338	0	662	868	0	70464	1062660	106948	1263	0	163	14523	3761	24530	517949	0	0	0	0	0	0	854	311	0	20993	53068	21498	4747	0	1569	0	2834	764	23821	8954
NEXP1_ten18n2_N_220725_8142022_06.qgd	0	0	66689	21108	39953	481712	0	1372	0	0	13245	0	34264	153828	155756	2398	0	0	2791	1270	9276	129273	0	0	0	0	0	0	0	1120	0	21544	67842	10500	2027	1701	6564	2838	709	6929	4580	45658
NEXP1_ten19__220817_9172022_12.qgd	2323	0	79827	58428	67394	805184	5640	1355	9748	3189	485	0	68155	82708	17992	2392	969	0	17206	5081	21874	545659	0	0	0	0	0	0	1561	0	8690	56563	33152	35289	5697	3808	3352	0	3451	10163	5502	15332
NEXP1_ten19_N_220725_8142022_17.qgd	0	0	52932	147742	296302	3275815	5694	1658	5958	1991	1190	0	36004	115234	136917	2549	249	0	18434	1355	48446	839636	0	0	0	0	0	0	0	0	0	130738	76151	12488	3856	1119	38470	0	9645	61330	31551	13850
NEXP1_ten19_N_220804_9172022_05.qgd	0	0	93637	70611	139018	1586232	6211	2315	0	1699	578	75	55040	163498	46990	0	417	0	9488	790	22877	553568	0	0	0	0	0	0	378	0	0	67979	44253	24056	4151	0	18184	3308	6053	23006	7308	10859
NEXP1_ten19n2_N_220725_8142022_15.qgd	0	0	18587	149321	366046	4125877	2696	2345	13151	1288	1228	0	29276	87561	137698	1991	0	0	75206	0	167383	3651271	0	0	0	0	0	0	0	397	0	132010	69893	12980	6960	0	34287	10351	10662	57815	96203	8667
NEXP1_ten20_N_220725_8122022_27.qgd	0	0	31205	0	13938	165294	0	3259	0	3689	1821	279	63612	40879	190359	3608	0	0	0	0	4066	0	0	0	0	0	0	0	0	819	0	16382	63590	9077	5603	0	3199	1480	5898	2694	0	10850
NEXP1_ten20_N_220804_9172022_09.qgd	1408	0	16094	63198	116169	1401427	3823	4835	31961	0	1742	0	40599	292389	85649	39647	769	0	967	14465	4776	20039	0	0	22002	0	0	0	0	0	7893	57691	49391	14381	51514	363	11505	2869	12246	16753	0	11286
NEXP1_ten20n1_D_220725_8162022_03.qgd	0	0	0	43	71	0	62	0	0	0	66	0	0	0	0	0	0	28	0	0	0	0	0	0	0	65	0	0	0	0	0	0	0	0	91	0	0	0	0	0	0	0
NEXP1_ten20n1redo_D_220725_8162022_08.qgd	6367	0	260755	68888	7104	69050	15987	5582	0	0	1168	6418	114669	33461	135048	1557	1210	14543	2287	0	1638	21122	0	0	10279	11623	0	0	0	735	0	73259	148153	124918	11286	0	0	0	1969	1281	0	50374
NEXP1_ten20n2_N_220725_8122022_28.qgd	1140	0	57751	71677	158439	2003458	2868	864	13808	1547	1788	0	63830	98778	217780	3167	0	0	30052	0	91108	1528832	0	0	0	0	0	0	0	0	0	66499	70255	19337	5784	1734	21583	7280	7349	27123	39091	15441
NEXP1_tenA3__220720_9162022_01.qgd	3006	0	185660	64184	1378	3211	3042	702	0	2678	752	0	66868	210108	22521	385	1024	0	657	1745	3882	7674	11585	0	0	0	0	847	0	0	566	62948	42551	59281	2582	6228	453	0	643	0	0	166
NEXP1_tenA5__220720_9162022_02.qgd	0	0	98429	0	13874	1647	1317	2155	0	0	783	0	36603	79386	41166	1960	113	0	0	866	2950	4925	12962	615	22198	6241	0	0	0	0	1975	18150	40428	14819	4843	1184	228	0	0	0	0	23016
NEXP1_tenA14__220720_9162022_03.qgd	1537	0	20847	0	630	3076	409	6712	3737	0	338	0	77074	440427	32542	899	0	0	1860	0	1783	21875	15407	0	43988	35935	4874	3050	1008	3649	0	6106	24287	5958	8620	5719	154	0	590	148	0	12842
NEXP1_tenA16__220720_9162022_04.qgd	0	0	250972	0	398	1634	0	3745	0	0	0	0	11510	17495	13646	1018	0	0	0	527	0	0	6760	0	0	493	0	0	0	0	1476	4764	16331	2740	3141	0	229	0	427	0	0	7849
NEXP1_tenB7__220720_9162022_08.qgd	1239	0	28477	29780	18386	3941	0	4871	18838	0	778	0	106745	342365	74845	35048	815	542	2676	5860	1326	40042	0	0	28227	4893	1795	0	0	0	4251	37023	45871	21961	87430	3129	656	0	1163	441	1716	12264
NEXP2Leaf_Max-93__220824_9182022_23.qgd	5863	0	23733	0	30898	0	0	5527	0	952	1775	0	64078	84635	188617	1830	0	445	0	341	3133	0	0	0	9217	0	0	0	0	0	0	16536	90346	39262	3725	7760	0	0	0	79	0	13359
NEXP2Leaf_1-7__220824_9182022_06.qgd	0	0	39270	31653	61962	3214	4884	2514	0	0	853	0	187714	68008	92859	1360	543	174	0	0	8217	0	0	0	4054	0	0	0	929	508	0	41601	81891	64780	5978	4848	0	0	0	0	0	17953
NEXP2Leaf_1-9__220824_9182022_11.qgd	2728	0	25939	0	1321	2860	0	2251	0	0	453	0	98783	207022	70136	1358	478	545	0	448	5316	0	0	0	0	0	0	0	509	533	0	43291	66895	76155	2838	4382	334	0	899	189	0	12578
NEXP2Leaf_1-10__220824_9182022_03.qgd	8100	0	20503	0	630	0	0	4695	22472	0	624	3732	34498	34319	38083	21464	473	132	0	601	1566	1952	0	1076	35792	0	0	1139	0	391	3643	13030	49542	24642	35538	14983	353	0	0	0	0	10643
NEXP2Leaf_1-14__220824_9182022_12.qgd	0	0	3902	0	434	0	0	1449	0	721	1822	0	26137	191955	83279	2788	0	0	0	0	0	0	0	0	0	0	0	0	0	0	0	0	52999	8106	1336	2026	0	0	0	0	0	10712
NEXP2Leaf_1-35__220824_9182022_15.qgd	1936	0	4731	0	2074	100	0	948	0	497	583	0	16695	116108	29519	1839	0	0	0	0	0	0	0	0	4952	2890	0	0	0	0	0	0	20444	2077	927	3551	88	0	0	0	0	2977
NEXP2Leaf_1-37__220824_9182022_09.qgd	0	0	5257	0	5885	167	0	1231	0	1351	1277	0	40713	26958	69108	2634	0	259	0	483	0	0	0	0	0	0	0	0	0	439	0	0	61005	6831	1074	0	0	0	0	0	1253	8652
NEXP2Leaf_1-44__220824_9182022_18.qgd	0	0	36783	0	90471	1618	4300	5561	0	0	2192	0	180513	27764	238916	2170	562	538	0	0	7027	0	0	0	0	0	0	0	0	2072	0	59777	140805	110255	4835	0	861	0	0	0	0	19887
NEXP2Leaf_1-45__220824_9182022_08.qgd	0	0	42214	0	77217	2437	4688	2415	0	0	1375	20263	112547	109819	72083	2422	0	183	0	0	4107	0	0	2035	0	0	0	0	517	2137	0	42554	82486	90636	7023	0	443	0	0	320	0	20627
NEXP2Leaf_1-55__220824_9182022_22.qgd	0	0	3810	0	4219	160	160	2008	0	0	1475	0	33654	235138	63281	1741	62	0	0	0	4290	0	0	0	0	0	1034	0	0	0	0	0	49504	4990	1350	2934	0	0	0	0	0	8970
NEXP2Leaf_2-68__220824_9182022_21.qgd	1143	0	8429	0	8099	0	0	989	0	0	750	0	39569	378829	50938	1103	0	0	0	0	2071	0	0	5312	0	0	0	0	0	0	1005	4304	40503	7802	2557	2558	230	0	0	146	0	38126
NEXP2Leaf_3-75__220824_9182022_04.qgd	4963	0	25221	0	19412	0	0	997	0	0	307	0	63950	104335	33425	972	0	0	0	459	2749	0	0	0	12354	2967	0	0	0	753	0	10018	39692	21886	1882	17555	0	0	0	0	0	8846
NEXP2Leaf_4-79__220824_9182022_16.qgd	0	0	1817	0	2556	0	0	766	0	0	869	0	18653	116594	195377	1727	0	0	545	0	0	0	0	3120	0	0	0	0	0	0	0	0	20556	3030	981	0	0	0	0	0	0	4061
NEXP2Leaf_4-84__220824_9182022_14.qgd	1639	0	1758	0	1963	0	0	3714	0	0	1703	0	26863	135446	79044	559	0	981	0	0	0	0	0	0	0	0	0	0	0	313	0	0	63909	2091	1670	2498	0	0	0	156	0	5689
NEXP2Leaf_4-85__220824_9182022_07.qgd	4190	0	1601	0	1512	0	0	2160	0	0	2221	0	19932	64571	71956	2674	0	0	0	0	0	0	0	1357	0	0	0	0	0	643	0	0	44476	1715	1305	4115	0	0	0	0	0	5375
NEXP2Leaf_5-87__220824_9182022_17.qgd	0	0	0	0	0	0	0	0	0	0	0	0	0	1416	0	0	0	0	0	0	157	0	0	0	0	0	82	0	111	0	0	146	0	0	0	242	0	0	0	0	0	0
NEXP2Leaf_5-87redo__220824_9192022_23.qgd	0	0	0	0	0	0	0	0	0	0	0	0	0	0	0	81	0	0	0	0	0	0	0	462	0	0	0	0	0	0	0	0	0	0	0	0	0	0	0	0	0	0
NEXP2Leaf_5-88__220824_9182022_05.qgd	4089	0	5153	0	4120	281	0	2814	0	0	2604	0	36934	51443	85032	2456	0	0	0	0	0	0	0	0	0	1330	0	0	0	0	0	0	89097	5644	4165	4908	247	0	0	0	0	9292
NEXP2Leaf_818aT6_9182022_06.qgd	0	0	21131	0	17097	532	364	1602	0	572	850	0	44897	13067	20869	1349	0	0	0	0	1187	0	0	0	0	0	0	0	0	427	0	11682	51627	19808	1736	774	0	0	0	119	0	11472
NEXP2Leaf_919aT1_9192022_01.qgd	0	0	32706	17317	996	2206	0	1395	0	0	1202	2899	99712	15910	95474	1399	452	241	0	275	8983	0	0	0	0	0	0	0	629	1107	0	22675	79414	73992	2960	0	0	0	0	232	0	18753
NEXP2Leaf_919aT2_9192022_02.qgd	346	0	6413	0	3674	267	0	1115	0	0	406	0	6924	58133	21692	1216	0	0	0	0	705	0	0	0	473	0	0	0	0	0	0	2839	23851	4545	918	379	138	0	0	201	0	7755
NEXP2Leaf_919aT3_9192022_03.qgd	0	0	3601	0	2417	0	0	7104	0	0	1063	0	16473	23718	429545	1214	0	0	0	0	0	0	0	0	0	0	0	0	0	0	0	0	105990	3296	2266	1417	0	0	0	0	0	9527
NEXP2Leaf_919aT4_9192022_04.qgd	1049	0	3565	0	3805	261	0	3521	0	647	1327	0	22837	30630	39033	1602	116	0	0	0	1545	0	0	0	0	387	0	0	0	0	0	0	55874	4901	1847	868	0	0	0	0	0	8184
NEXP2Leaf_919aT5_9192022_05.qgd	17298	0	9251	0	7468	0	897	2079	0	0	720	89	21549	72700	22113	1091	454	0	0	0	1248	0	0	0	20101	5540	0	2374	0	0	0	4230	31768	8765	2292	56805	0	0	0	0	0	10874
NEXP2Leaf_919aT6_9192022_06.qgd	0	0	46897	0	1298	1726	4682	1679	0	0	291	17818	163891	131302	30839	594	520	0	214	0	5624	0	0	0	0	0	0	0	609	1915	0	61401	81503	114887	3733	0	0	0	0	154	0	17657
NEXP2Leaf_919aT7_9192022_07.qgd	0	0	42606	0	93967	1947	4951	2499	0	0	688	0	226622	13867	34512	773	384	0	0	329	14076	0	0	0	0	0	0	0	689	1530	0	58314	76585	111979	5326	0	342	0	0	161	0	16270
NEXP2Leaf_919aT8_9192022_08.qgd	0	0	7774	0	8443	0	0	2589	6845	0	380	0	15642	10965	50314	8923	0	194	0	1781	1005	0	0	0	5139	850	0	0	0	0	1706	10178	31986	10086	35651	0	0	0	0	0	0	4707
NEXP2Leaf_919aT9_9192022_09.qgd	574	0	7532	0	2366	0	0	0	13686	0	329	0	17155	9851	14316	15248	0	0	950	5579	950	0	0	0	6453	0	0	0	0	0	1950	2127	16466	3113	26142	145	0	0	0	0	0	5506
NEXP2Leaf_919aT10_9192022_10.qgd	1981	0	3587	0	152	0	126	455	0	0	228	0	22830	94356	15882	341	0	0	0	0	640	0	0	314	0	969	360	0	0	0	149	0	13883	1412	723	2253	0	0	0	96	0	3823
NEXP2Leaf_919aT11_9192022_11.qgd	0	0	1041	0	2254	0	0	769	0	0	454	0	16643	15133	26035	681	0	406	0	0	1215	0	0	0	0	427	2692	0	0	0	0	0	20371	2787	2942	272	0	0	0	0	0	6347
NEXP2Leaf_919aT12_9192022_12.qgd	0	0	1039	0	599	0	0	832	0	0	0	41	7682	64618	27452	716	0	274	0	0	913	0	0	0	658	0	0	0	0	0	0	0	12415	606	1876	95	0	0	0	0	234	3205
NEXP2Leaf_919aT13_9192022_13.qgd	7754	0	5405	0	1293	0	0	259	0	0	645	0	10968	11061	20937	631	0	0	0	0	0	0	0	440	0	4108	0	0	0	0	209	0	18719	1198	790	11410	0	0	0	0	0	5746
NEXP2Leaf_919aT14_9192022_14.qgd	15022	0	3146	636	2563	0	0	1199	0	654	607	0	11951	97382	25398	655	0	92	0	1037	1063	0	0	0	4683	0	0	0	0	0	1297	764	16200	1576	2861	14976	0	0	0	0	0	2663
NEXP2Leaf_919aT15_9192022_15.qgd	14523	0	1694	299	1203	0	0	212	0	0	197	0	8150	84069	10486	113	0	0	210	0	0	0	0	0	4986	3974	0	0	0	0	0	0	9951	682	509	10780	0	0	0	0	0	2152
NEXP2Leaf_919aT16_9192022_16.qgd	9835	317	12094	1993	3905	0	0	1049	0	0	523	0	13757	10387	18637	492	0	0	0	0	0	0	0	957	2444	1182	0	0	0	0	643	3231	23665	4050	573	10777	0	0	0	60	0	5153
NEXP2Leaf_919aT17_9192022_17.qgd	3178	0	2024	0	1602	0	0	1585	0	0	490	0	10327	25797	21456	840	0	575	0	0	0	0	0	817	2006	0	0	0	0	0	0	0	20731	1248	1012	2069	0	0	130	0	0	4593
NEXP2Leaf_919aT18_9192022_18.qgd	4787	0	1388	0	1849	0	257	1029	0	0	423	106	19554	78939	26126	739	0	0	0	0	0	0	0	656	6062	2146	0	210	0	0	0	0	26642	1278	777	6439	0	0	0	139	0	0
NEXP2Leaf_919aT19_9192022_19.qgd	0	0	30310	21765	44283	1500	4072	2505	0	0	291	0	129504	10130	26725	5558	687	0	0	0	2323	0	0	2193	1835	0	0	0	1231	3553	0	30415	72858	43383	4079	3442	527	0	0	0	0	13526
NEXP2Leaf_919aT20_9192022_20.qgd	6941	0	1727	0	2042	0	0	1174	0	883	534	0	26092	142703	22007	857	0	0	0	0	2433	0	0	680	3218	0	0	0	0	0	0	1377	26959	1417	1142	11426	0	0	0	131	0	3563
NEXP2Leaf_919aT21_9192022_21.qgd	2560	0	3869	577	1505	189	189	810	0	0	424	133	27598	95330	37159	523	0	41	0	0	0	186	0	0	7352	2952	0	0	0	0	0	0	14373	1272	620	2007	0	0	0	0	0	0
NEXP2Leaf_919aT22_9192022_22.qgd	1793	0	1289	0	761	0	0	302	0	0	257	93	16450	72208	10453	523	0	302	0	0	1118	0	0	0	3564	2412	0	0	0	0	0	0	12567	640	985	0	0	0	98	0	0	0
NEXP2Leaf_919aT24_9192022_24.qgd	9888	0	1010	0	1905	0	0	598	0	0	358	0	40229	227433	18387	646	0	0	0	0	1324	0	0	0	3220	673	226	0	0	0	0	729	29723	1262	1232	1429	0	0	0	0	0	2507
NEXP2Leaf_919aT25_9192022_25.qgd	0	0	1979	0	59	0	0	553	0	0	0	0	5543	27389	4928	324	0	0	0	0	0	0	0	0	0	0	125	0	0	0	0	0	9871	724	487	0	69	0	0	0	0	0
NEXP2Leaf_919aT26_9192022_26.qgd	0	0	1722	0	1495	0	0	1738	0	0	1019	0	33867	250870	52631	1091	0	0	0	277	10022	0	0	0	0	0	313	0	0	0	0	0	42067	1503	910	584	0	0	0	0	0	11078
NEXP2Leaf_919bT1_9192022_01.qgd	4109	0	409	0	355	0	0	476	0	495	582	0	14075	22963	36105	716	0	0	0	0	1369	0	0	0	1386	2087	0	0	0	0	0	0	27008	351	526	1385	0	0	0	0	0	7293
NEXP2Leaf_919bT2_9192022_02.qgd	11528	0	2189	0	1281	0	0	1313	0	0	446	0	17440	56091	18523	440	0	0	0	0	330	0	0	0	12379	2030	0	0	0	0	142	1138	21323	1033	1237	8526	0	0	0	0	0	10887
NEXP2Leaf_919bT3_9192022_03.qgd	8873	0	968	0	1052	0	0	1344	1137	0	462	0	22793	137490	30989	607	0	0	0	0	2202	0	0	606	4377	0	0	0	0	0	292	0	19636	721	1804	8028	222	0	0	0	0	5357
NEXP2Leaf_919bT4_9192022_04.qgd	6890	0	1570	0	685	0	0	2875	0	0	694	0	11725	24280	17759	677	0	0	0	0	930	185	0	551	7060	1360	0	0	0	334	0	0	27887	767	1365	95993	135	0	0	0	0	4311
NEXP2Leaf_919bT5_9192022_05.qgd	2156	0	1715	0	1483	0	0	924	0	0	244	0	13595	146273	13278	711	0	0	0	0	3137	0	0	402	2861	1457	0	0	262	0	0	1466	21209	1514	1160	1102	0	0	0	0	0	3423
NEXP2Leaf_919bT6_9192022_06.qgd	6221	0	739	0	1082	0	0	1091	0	0	523	0	43249	189266	34852	445	0	0	0	0	2222	194	0	302	10338	2022	0	0	0	0	0	0	24104	993	1153	2006	0	0	0	80	0	0
NEXP2Leaf_919bT7_9192022_07.qgd	4269	0	6915	0	615	0	134	3566	0	467	1412	180	14912	35924	374426	1019	0	0	0	0	2010	0	0	0	16068	10699	0	0	0	0	0	0	52504	507	1304	6502	0	0	0	0	400	0
NEXP2Leaf_919bT8_9192022_08.qgd	20409	0	2704	0	6646	950	0	5089	7355	662	1058	0	21249	127250	34310	10916	0	899	0	1897	2551	0	0	0	180478	178856	0	0	0	0	2465	13031	38218	9498	51726	12865	0	0	0	298	0	0
NEXP2Leaf_919bT9_9192022_09.qgd	1032	0	3186	0	314	0	0	2067	11978	0	496	0	11756	16643	10322	13163	0	0	0	599	787	0	0	0	10148	929	0	0	0	0	1430	0	21469	1431	27643	1536	0	0	0	212	0	3845
NEXP2Leaf_919bT10_9192022_10.qgd	0	0	1053	0	610	0	0	1199	0	700	1013	0	14534	7392	44936	1178	0	0	0	0	0	0	0	781	0	0	0	0	0	250	0	0	30991	0	568	0	0	0	0	53	738	0
NEXP2Leaf_919bT11_9192022_11.qgd	0	0	2579	0	4717	0	0	1402	0	0	2302	0	68327	587834	144639	2119	0	0	0	0	4807	0	0	0	4067	868	2279	0	0	0	0	2897	53118	4009	3918	1199	0	0	0	0	0	10192
NEXP2Leaf_919bT12_9192022_12.qgd	0	0	953	0	0	0	0	1726	0	0	1215	0	9839	52065	45504	1407	0	0	0	0	0	0	0	0	0	0	256	0	0	119	0	0	33081	584	2530	0	0	0	198	0	0	4863
NEXP2Leaf_919bT13_9192022_13.qgd	50402	0	1597	0	1867	0	0	1866	0	0	1865	0	23092	199614	30296	2298	0	427	0	704	0	0	0	0	31361	28046	292	0	0	0	0	0	35356	2242	1039	30887	0	0	0	0	0	6688
NEXP2Leaf_919bT14_9192022_14.qgd	28768	0	7505	0	8765	0	0	2347	0	712	940	0	31244	169006	71486	1724	0	0	0	0	4271	0	0	0	47533	0	0	3383	0	0	0	3916	42228	11548	3590	72103	0	0	0	0	0	0
NEXP2Leaf_919bT15_9192022_15.qgd	3712	0	30823	0	69885	1435	4143	2916	0	0	1034	0	171542	314127	118795	2296	580	451	0	0	9652	0	0	0	26773	8804	0	0	775	1527	0	34819	89347	84192	4325	5430	734	0	0	0	0	17055
NEXP2Leaf_919bT16_9192022_16.qgd	1403	0	7652	0	5891	0	0	1601	0	0	703	0	42071	421231	59959	734	0	0	0	0	1592	0	0	0	0	0	0	0	0	286	0	0	49178	6383	1415	1055	0	0	0	0	217	4261
NEXP2Leaf_919bT17_9192022_17.qgd	0	0	2221	0	4715	203	203	1956	0	0	746	0	34165	109030	34584	1483	0	138	0	833	3979	0	0	0	0	0	0	636	0	0	0	0	51453	6302	779	0	0	0	0	0	0	0
NEXP2Leaf_919bT18_9192022_18.qgd	2047	0	2259	0	2910	211	0	1362	0	1108	1145	0	24865	35502	90434	1929	0	489	401	0	2794	0	0	0	0	804	0	0	0	0	0	0	52193	3949	855	2047	0	197	213	0	0	6292
NEXP2Leaf_919bT19_9192022_19.qgd	7097	0	10342	0	339	0	179	5122	0	0	2040	0	34176	57080	97831	2994	0	0	0	0	2338	0	0	0	6416	9261	0	0	0	0	0	4643	68045	8218	1822	8235	0	0	300	0	0	0
NEXP2Leaf_919bT20_9192022_20.qgd	0	0	1191	0	1318	0	166	2539	0	0	1534	0	23554	26151	178351	2862	0	0	0	0	0	0	0	4427	0	0	0	0	0	0	0	0	33360	1861	1011	0	0	0	0	0	0	6252
NEXP2Leaf_920aT1_9202022_01.qgd	924	0	5021	0	5709	0	0	973	0	0	541	0	20663	58825	24985	1200	0	0	0	0	2472	0	0	0	0	0	0	0	0	0	0	0	34435	7107	873	897	0	0	0	0	0	7542
NEXP2Leaf_920aT2_9202022_02.qgd	1844	0	7553	0	6081	0	0	3833	0	0	923	0	23085	28804	42528	1338	0	270	0	458	2358	0	0	1413	2224	0	0	0	0	0	0	0	42600	8186	1416	1385	0	0	0	0	0	23835
NEXP2Leaf_920aT3_9202022_03.qgd	564	0	1706	0	2078	0	0	1250	0	0	0	98	7742	24428	12761	782	0	0	0	0	952	0	0	0	0	0	0	0	0	125	0	0	23058	3012	1033	282	0	0	0	107	0	4646
NEXP2Leaf_920aT4_9202022_04.qgd	4846	0	3253	0	2744	0	0	3354	0	0	743	0	17708	71935	23426	810	0	0	0	292	1321	0	0	0	44632	38304	0	0	0	0	0	0	26649	3347	1517	18102	0	0	0	69	0	0
NEXP2Leaf_920aT5_9202022_05.qgd	677	0	1692	0	1451	0	0	2169	0	0	1414	0	15794	35018	17402	1930	0	0	0	0	0	0	0	0	0	0	0	0	459	0	723	0	31734	1680	1839	412	0	0	0	89	0	8124
NEXP2Leaf_920aT6_9202022_06.qgd	3073	0	355	0	471	0	0	1210	0	0	1160	0	10398	11114	12779	1181	0	0	0	0	0	0	0	0	0	9153	0	0	0	0	0	0	30803	632	896	2693	0	0	0	0	0	5427
NEXP2Leaf_920aT7_9202022_07.qgd	982	0	4837	0	5516	0	48	815	0	0	725	0	10011	30186	13477	1222	0	0	0	0	0	0	0	0	0	0	148	0	0	0	0	1076	20049	8184	780	775	0	0	0	0	0	2356
NEXP2Leaf_920aT8_9202022_08.qgd	0	0	13083	0	9599	0	0	2206	6875	0	599	0	32251	13038	20848	7317	183	0	0	1551	1062	0	0	1692	4371	1352	0	0	0	0	0	12566	29761	11458	32493	0	0	0	0	0	256	6303
NEXP2Leaf_920aT9_9202022_09.qgd	0	0	2558	0	2726	223	0	1436	5928	0	546	0	10885	63620	17008	10115	0	0	0	2289	1194	0	0	708	3239	0	0	0	0	0	0	0	21542	3352	10935	326	0	0	0	0	0	2619
NEXP2Leaf_920aT10_9202022_10.qgd	0	0	27158	0	68008	1960	4234	876	0	0	859	0	139909	189539	54756	2292	0	187	0	0	8200	0	0	0	0	0	0	0	0	479	0	44822	69324	79171	3048	1973	0	0	0	222	0	13301
NEXP2Leaf_920aT11_9202022_11.qgd	796	0	8359	0	10134	0	0	959	0	0	498	0	33179	107377	32395	866	89	362	0	0	0	0	0	0	0	2284	0	0	0	158	0	4482	37112	11389	2826	698	0	0	0	69	0	9947
NEXP2Leaf_920aT12_9202022_12.qgd	0	0	13499	0	17285	0	262	1577	0	0	606	0	44599	19397	33090	792	0	0	0	0	1412	0	0	0	1208	0	0	0	0	412	0	6029	46427	20758	2420	0	249	0	0	0	0	8610
NEXP2Leaf_920aT13_9202022_13.qgd	703	0	4321	0	3006	0	0	841	0	0	490	211	16269	17592	13550	701	0	0	0	206	0	0	0	0	0	421	0	0	0	112	0	0	26470	2568	1004	302	0	0	0	0	269	5782
NEXP2Leaf_920aT14_9202022_14.qgd	0	0	2320	0	1566	0	0	1641	0	0	500	0	15307	18015	19804	961	0	0	0	336	0	0	0	0	0	0	0	0	0	0	0	1334	40061	2016	2476	319	0	0	0	0	0	3935
NEXP2Leaf_920aT15_9202022_15.qgd	593	0	2096	0	2331	0	0	1825	0	0	1901	0	32054	127500	75913	2571	0	1084	0	0	6873	0	0	0	0	0	0	0	0	0	0	0	55439	2435	1636	1245	0	0	0	0	0	0
NEXP2Leaf_920aT16_9202022_16.qgd	0	0	5598	0	6206	0	948	3085	0	912	823	0	25483	40130	74453	1321	0	147	0	0	0	0	0	0	0	758	657	0	0	0	0	3781	44515	7047	1430	0	0	0	1714	0	0	5389
NEXP2Leaf_920aT17_9202022_17.qgd	535	0	6399	0	13562	358	0	1566	0	0	909	0	23518	100240	36134	1519	0	0	0	0	1359	0	0	1805	0	0	367	0	0	0	0	0	46355	17640	1442	787	0	0	0	139	0	6447
NEXP2Leaf_920aT18_9202022_18.qgd	2751	0	3130	0	7375	0	0	1855	0	0	1463	170	24871	111412	61591	1750	0	558	0	0	0	0	0	0	0	0	0	0	0	0	0	0	43956	10082	1061	5593	0	0	0	142	0	0
NEXP2Leaf_920aT19_9202022_19.qgd	11995	0	22097	12489	52545	967	3993	1347	0	0	610	0	139131	221560	68553	1111	476	0	0	0	18022	0	0	0	5299	3890	0	0	845	2246	0	18369	54950	57905	4756	27242	267	0	0	125	526	10869
NEXP2Leaf_920aT20_9202022_20.qgd	0	0	911	0	1310	0	0	1934	0	0	1326	0	22830	32887	73958	1759	0	0	0	0	0	0	0	0	0	0	0	0	0	353	0	0	70001	1808	1308	521	0	415	0	0	0	0
NEXP2Leaf_920bT1_9202022_01.qgd	11352	0	2607	0	2996	0	0	1260	0	0	1011	0	15564	21548	109070	1081	0	0	0	0	1902	0	0	0	15362	2600	0	0	0	716	0	0	43746	3820	902	11705	0	221	0	97	0	12871
NEXP2Leaf_920bT2_9202022_02.qgd	3876	0	7549	0	5843	239	0	1084	0	0	448	0	17605	47723	18063	906	0	0	0	0	2436	0	0	0	4139	1434	0	0	0	0	0	3810	19804	6500	926	4550	0	0	0	0	0	8688
NEXP2Leaf_920bT3_9202022_03.qgd	5091	0	35417	32659	3306	5119	9644	3184	0	0	394	0	337583	255250	85749	1233	0	0	0	662	16676	0	0	0	17878	11485	0	0	1461	3340	0	46996	107766	112962	9490	6009	1155	0	2085	0	816	26104
NEXP2Leaf_920bT4_9202022_04.qgd	2081	0	9422	0	6989	0	158	1408	0	341	243	708	17617	61782	24488	532	0	0	0	0	1357	0	0	0	3174	788	400	0	0	342	0	3872	20738	8453	955	1656	0	0	0	170	0	3714
NEXP2Leaf_920bT5_9202022_05.qgd	7870	0	1991	0	2308	0	0	3095	0	0	1296	0	19970	56264	27424	1632	0	0	0	0	1635	0	0	1058	11545	19747	0	0	0	0	225	0	45378	3330	2258	10521	207	0	0	317	0	0
NEXP2Leaf_920bT6_9202022_06.qgd	1509	0	5247	0	5485	0	0	647	0	0	411	0	10014	11978	3731	695	0	0	0	128	0	0	0	660	0	0	0	0	0	0	266	0	16776	7055	660	0	0	0	0	0	0	2602
NEXP2Leaf_920bT7_9202022_07.qgd	573	0	1905	0	2171	192	0	911	0	0	1059	0	8474	120686	24634	2437	0	0	0	0	0	0	0	0	0	541	0	0	0	102	0	0	22540	2948	963	663	0	0	0	0	0	0
NEXP2Leaf_920bT8_9202022_08.qgd	0	0	19661	0	30067	0	0	4660	8790	0	1961	0	65015	44192	52914	8927	315	1695	0	1253	4822	0	0	0	0	0	0	0	0	0	2857	19917	78251	37370	31412	0	400	0	0	211	523	11738
NEXP2Leaf_920bT9_9202022_09.qgd	3120	0	44279	0	100140	2029	5733	2827	24787	0	501	0	177708	16233	59072	14592	563	0	0	4503	0	0	0	0	9052	0	0	0	791	1486	2680	58352	91924	121389	30878	0	0	0	0	168	0	21704
NEXP2Leaf_920bT10_9202022_10.qgd	18436	0	10033	0	11738	0	0	1122	0	0	381	0	21232	47816	18699	1072	0	343	0	0	1460	0	0	0	10096	18866	0	0	0	123	0	0	30632	14876	780	17962	0	0	0	0	0	5648
NEXP2Leaf_920bT11_9202022_11.qgd	3474	0	37045	0	132675	3137	6608	3164	0	0	1175	18204	290593	22451	108068	1526	511	0	0	248	7371	0	0	0	0	0	0	0	897	2004	0	66077	128283	156979	6839	0	734	0	0	208	0	26608
NEXP2Leaf_920bT12_9202022_12.qgd	2844	0	31636	22859	1672	1569	6308	3746	0	0	1171	0	209495	17616	129886	2071	582	959	0	613	10307	0	0	0	0	0	0	0	1037	2721	0	32600	110715	111208	8175	0	0	0	0	365	0	23572
NEXP2Leaf_920bT13_9202022_13.qgd	39340	0	2794	0	3711	270	0	969	0	0	1689	0	29040	45275	113777	4262	0	856	0	0	5041	0	0	0	0	1622	0	0	0	613	0	0	56826	4706	1229	99199	0	0	0	0	0	0
NEXP2Leaf_920bT14_9202022_14.qgd	51017	0	19052	0	948	679	582	2634	0	0	1547	3353	48538	160167	106248	486	0	0	0	0	5318	0	0	0	41958	7474	0	0	0	1440	0	6632	53657	58871	4108	46457	0	0	0	142	0	11264
NEXP2Leaf_920bT15_9202022_15.qgd	8883	0	1127	0	2001	0	0	1584	0	0	1312	0	31940	330612	70793	1727	0	0	0	0	6212	0	0	0	121968	13991	0	0	0	781	377	0	52666	2278	1424	13288	0	0	0	0	0	8036
NEXP2Leaf_920bT16_9202022_16.qgd	41231	0	26121	22571	63586	2485	1409	3338	0	0	670	0	229021	461340	89536	941	470	0	0	0	9080	0	0	0	205782	106140	0	1593	856	1853	0	33192	81312	69399	5106	68027	1036	0	1935	207	320	16732
NEXP2Leaf_920bT17_9202022_17.qgd	2377	0	1123	0	1560	0	0	2525	0	0	2544	0	18847	78572	55317	695	0	868	0	0	4098	0	0	1255	0	3342	0	0	0	0	1111	0	46083	2324	1259	11316	0	0	0	144	335	0
NEXP2Leaf_920bT18_9202022_18.qgd	704	0	2160	0	527	0	0	1590	0	0	1512	0	17912	24791	61160	1812	0	832	0	0	0	0	0	0	0	0	0	0	0	0	0	0	34272	798	712	0	0	0	211	0	0	3908
NEXP2Leaf_920bT19_9202022_19.qgd	0	0	1467	0	1659	0	0	2012	0	0	829	0	24296	133008	32385	1489	0	283	0	269	4042	0	0	0	0	0	0	0	0	0	0	0	47204	2432	1318	0	0	0	0	0	0	4814
NEXP2Leaf_920bT20_9202022_20.qgd	0	0	1665	0	2620	0	0	1970	0	0	1535	0	45745	35339	309261	2621	274	0	0	0	6550	0	0	0	0	0	0	0	0	1555	0	0	61625	2562	3594	0	0	0	0	0	0	6354
NEXP2Leaf_920bT21_9202022_21.qgd	0	0	1489	0	2179	0	0	1923	0	0	1590	0	35693	150490	76755	2005	0	0	0	0	4382	0	0	0	0	0	0	0	0	0	0	0	53803	2690	908	689	0	0	0	0	229	0
NEXP2Leaf_920bT22_9202022_22.qgd	3236	0	2355	0	2479	0	0	516	0	0	527	0	30918	344696	106830	1075	0	973	0	1507	5391	0	0	0	14773	1564	0	0	0	0	902	0	26371	2652	1302	6589	0	0	0	0	0	3448
NEXP2Leaf_920bT23_9202022_23.qgd	0	49	0	0	0	0	0	0	0	0	82	0	0	2211	0	0	0	0	0	0	239	0	0	105	0	0	0	0	0	0	150	195	0	0	0	0	0	0	69	95	0	0
NEXP2Leaf_920bT23redo_9212022_19.qgd	8838	0	1665	0	149	0	0	745	0	0	379	0	18443	28357	8883	206	0	0	0	0	301	0	0	495	1564	0	150	0	0	0	0	0	23362	3118	795	1536	0	0	0	0	0	0
NEXP2Leaf_920bT24_9202022_24.qgd	9384	0	24411	7486	25981	0	1624	1400	0	0	542	3062	35312	188602	54174	1158	0	0	0	0	2176	0	0	0	23192	7655	0	2035	0	1694	0	11200	46839	26042	1245	17472	0	0	0	0	0	8780
NEXP2Leaf_920bT25_9202022_25.qgd	11159	0	47096	27339	108546	2073	7682	2546	0	0	1841	0	267769	24248	88122	3210	979	0	0	0	13027	0	0	0	26175	72149	0	7641	1199	1199	0	39470	115507	119152	6544	21154	0	0	0	360	472	27050
NEXP2Leaf_920bT26_9202022_26.qgd	4055	0	31550	11605	31273	0	952	2417	0	0	1543	0	138943	55399	89729	1506	0	203	0	0	5780	0	0	0	0	0	0	0	0	970	0	18364	104395	35052	2975	2241	532	0	0	135	0	22550
NEXP2Leaf_920bT27_9202022_27.qgd	7320	0	43777	0	99938	2590	6047	2845	0	0	1238	0	306356	28448	123435	2047	874	0	0	0	11590	0	0	0	0	0	0	0	938	2892	0	67351	118792	118071	6674	3432	887	0	0	238	0	47111
NEXP2Leaf_920bT28_9202022_28.qgd	48327	0	4160	0	260	0	0	4350	0	0	2053	0	25402	54054	429929	2134	0	0	0	0	0	0	0	3375	59361	72602	0	472	0	0	0	0	80742	3850	1150	48161	0	524	0	0	1025	0
NEXP2Leaf_920bT29_9202022_29.qgd	13808	0	31960	12969	47161	0	3605	3442	0	3533	1206	6527	161771	121306	102381	2124	0	0	494	0	0	0	0	0	21905	0	0	0	915	0	2084	17346	103509	51185	5667	21722	0	0	0	0	0	15365
NEXP2Leaf_920bT30_9202022_30.qgd	0	0	1155	0	1497	0	0	360	0	0	205	0	25513	195838	81527	674	0	0	0	0	1849	0	0	0	0	0	0	0	0	0	0	0	39132	1428	479	391	0	0	0	0	0	0
NEXP2Leaf_921aT1_9212022_01.qgd	686	0	2150	0	1313	0	0	809	0	0	564	0	14177	25214	39493	1355	0	0	0	0	0	0	0	0	0	2173	0	0	0	0	489	0	33590	1631	430	409	0	0	0	122	0	5468
NEXP2Leaf_921aT2_9212022_02.qgd	2946	0	18747	8255	21122	702	1633	3638	0	0	1108	0	63716	26569	68099	2419	145	749	0	0	5206	0	0	6791	1591	5347	0	0	0	1109	0	12662	39792	23671	1967	1107	225	0	0	70	0	11176
NEXP2Leaf_921aT3_9212022_03.qgd	35694	0	1117	0	1770	0	0	2712	0	0	1941	0	45064	130884	64340	2993	0	0	0	0	10210	0	0	0	26668	27892	0	0	0	0	0	0	53031	2319	2024	27616	0	0	0	0	0	7837
NEXP2Leaf_921aT4_9212022_04.qgd	4167	0	2619	0	1689	0	89	2022	0	0	992	0	10470	39158	38641	2567	0	0	0	0	0	0	0	0	6992	3806	0	3182	0	0	430	0	30776	2077	956	4954	0	0	0	0	0	3209
NEXP2Leaf_921aT5_9212022_05.qgd	0	0	2326	0	1944	0	0	3632	0	0	1497	143	27944	112456	56174	1516	0	338	243	0	3113	0	0	1598	0	0	0	0	0	176	0	0	54647	2548	2797	1081	0	0	0	87	0	7250
NEXP2Leaf_921aT6_9212022_06.qgd	2227	0	687	0	844	0	0	592	0	0	290	0	11726	24843	8831	551	0	0	0	0	2050	0	0	0	3148	2447	0	245	0	0	0	0	32255	692	519	2279	0	0	150	0	0	2463
NEXP2Leaf_921aT7_9212022_07.qgd	0	0	23471	9077	21430	787	2399	1103	0	0	471	0	78113	240785	28551	1116	492	0	0	0	7551	0	0	3635	0	0	0	0	1478	4703	0	12704	37277	20874	3575	0	0	0	0	0	0	6729
NEXP2Leaf_921aT8_9212022_08.qgd	2917	0	40114	31229	104506	2121	6861	4402	0	0	1136	0	254972	15103	98023	7857	692	0	0	1158	7512	0	0	0	0	0	0	0	1133	3298	0	43916	123929	117164	37217	0	804	0	0	417	432	25994
NEXP2Leaf_921aT9_9212022_09.qgd	14224	0	12134	0	6013	0	0	1657	14196	0	428	0	21372	49174	24088	14634	0	176	0	3738	1217	1058	0	0	10511	6751	0	0	0	0	1038	5687	27373	6651	26434	4020	0	0	0	0	0	6238
NEXP2Leaf_921aT10_9212022_10.qgd	2294	0	9240	0	5081	0	0	598	0	0	478	0	19823	91195	45224	1437	0	0	0	0	0	0	0	2463	0	2524	0	0	0	0	0	3803	18426	6362	813	3524	0	0	0	42	0	3315
NEXP2Leaf_921aT11_9212022_11.qgd	56801	0	1385	0	2821	0	0	1624	0	0	1110	0	29767	97012	35505	1196	0	0	0	0	2166	0	0	926	69090	17363	1262	0	0	242	0	0	40795	3633	2723	37248	0	0	0	0	0	7590
NEXP2Leaf_921aT12_9212022_12.qgd	888	0	948	0	1772	0	0	1763	0	0	1756	0	30010	110952	59518	1876	0	253	0	0	2787	0	0	0	19263	6924	0	0	0	0	251	0	46475	1587	2348	3620	0	0	0	0	0	6560
NEXP2Leaf_921aT13_9212022_13.qgd	6897	0	13225	0	11688	0	0	819	0	0	419	0	36048	148714	36222	730	0	0	0	0	2327	0	0	760	6466	2918	0	637	0	434	0	5258	30405	13350	1194	2378	0	0	0	226	0	4759
NEXP2Leaf_921aT14_9212022_14.qgd	0	0	876	0	717	0	0	1136	0	0	371	0	9285	11032	35053	647	0	0	0	0	482	0	0	1160	613	0	0	0	0	0	0	0	18132	1069	2654	0	0	0	0	0	0	3819
NEXP2Leaf_921aT15_9212022_15.qgd	0	85	36204	0	34416	1063	1797	589	0	0	0	4280	90028	13765	13414	0	275	0	0	0	3469	0	0	0	0	0	0	0	411	879	0	14708	25375	41284	2063	0	0	0	0	71	0	6476
NEXP2Leaf_921aT16_9212022_16.qgd	206	0	3080	0	1586	0	0	1760	0	382	463	0	12635	6613	17276	371	0	0	0	500	328	0	0	946	397	0	0	91	0	0	243	0	31640	1619	865	0	0	0	0	148	0	0
NEXP2Leaf_921aT17_9212022_17.qgd	850	0	3036	0	2307	0	0	1187	0	0	530	0	17691	111949	13605	449	0	0	0	0	0	0	0	0	0	222	0	0	0	0	0	0	26184	2418	1164	434	148	0	61	0	0	3195
NEXP2Leaf_921aT18_9212022_18.qgd	16076	0	15091	0	15877	0	0	1128	0	0	432	0	57056	78631	47497	508	109	0	0	0	2339	0	0	0	4130	9191	0	0	0	0	0	7103	39504	18802	1207	4338	0	0	0	0	0	4539
NEXP2Leaf_AMBDH2__220824_9182022_24.qgd	0	0	10224	0	6191	0	691	2394	0	963	1564	0	44892	53244	74185	2072	0	812	0	0	7728	0	0	0	0	0	0	0	0	577	0	4857	63151	7176	1275	0	0	0	0	0	0	8120
NEXP2Leaf_AMBJB__220824_9182022_01.qgd	0	0	3155	0	2792	0	0	2054	0	710	633	0	33915	15367	44596	853	0	0	0	0	935	0	0	0	0	0	0	0	0	36	0	0	37853	2757	2449	0	0	0	0	0	0	5503
NEXP2Leaf_AMBJB2__220824_9182022_02.qgd	0	0	3929	0	6010	0	0	4211	8839	0	530	0	9581	19239	25214	10816	318	444	0	3628	677	0	0	0	9103	1242	846	0	0	0	2724	13119	26636	8784	41353	0	0	0	469	0	317	4938
NEXP2Leaf_AMBJB3__220824_9182022_19.qgd	0	0	2135	0	3323	0	0	3207	0	0	2485	0	34353	65677	118864	3288	0	0	0	0	0	0	0	0	0	0	0	0	0	0	0	0	55124	3350	1006	968	75	0	0	0	0	8343
NEXP2Leaf_AMBJB4__220824_9182022_20.qgd	0	0	7058	0	9271	0	0	1203	0	0	845	0	60391	247957	79051	1611	0	0	0	444	4136	0	0	0	0	0	0	0	0	0	0	0	53509	9536	1780	1112	0	0	0	0	1078	14353
